name,price,stock
1.5 SNAPON TYPE INSULATED LUGS,1.500,200
1.5MM COPPER SLEEVE LUGS,0.000,0
12 MM SPIRAL,135.000,6
15A SOCKET SIMPLE,44.895,73
15A SWITCH SIMPLE,39.893,94
16 AMP 3 PIN TOP,37.041,21
2 PIN MALE,7.390,118
2 PIN MALE FEMALE,12.550,9
2 PIN PCB CANNECTOR FEMALE,4.000,50
2.5 SNAPON TYPE INSULATED LUGS,1.500,800
25 MM SPIRAL,525.000,1
2PS SELECTOR SWITCH,31.532,76
2PS WITH KEY SELECTOR SWITCH,75.000,21
3 MM FERUL MARKING SLEVE,125.000,3
3 PIN MATEL MALE FEMALE CONNECTOR,0.000,0
3 PIN UNIVERSAL MULTI  PLUG ELLEYS,0.000,0
3.2 MM FERUL MARKING SLEVE,170.000,3
32AMP 4 POLE 100 MA RCCB,0.000,0
350X4.8MM BUNCHING,0.000,0
3D-1012 1.5 PIN TYPE LUGS,0.930,1700
3D-1021 2.5 PIN TYPE LUGS,1.119,766
3D-1030 4 PIN TYPE LUGS,2.217,1067
3D-1036 6 PIN TYPE LUGS,2.494,1121
3D-1041 10 PIN TYPE LUGS,4.270,1270
3D-1043 16 PIN TYPE LUGS,6.408,333
3D-1044 25 PIN TYPE LUGS,14.369,81
3D-1045 35 PIN TYPE LUGS,17.620,157
3D-1224 1.5-6 COPPER RING LUGS,1.274,2396
3D-1241 1.5-4 COPPER RING LUGS,0.000,0
3D-1246 1.5-4 COPPER RING LUGS,1.131,1400
3D-1262 1.5-5 COPPER RING LUGS,1.003,800
3D-1296 2.5-4 COPPER RING LUGS,1.259,1395
3D-1304 2.5-5 COPPER RING LUGS,1.241,241
3D-1307 2.5-8 COPPER RING LUGS,1.806,1144
3D-1310 2.5-5 COPPER RING LUGS,0.000,0
3D-1342 2.5-6 COPPER RING LUGS,1.363,1325
3D-1415 4.6-6 COPPER RING LUGS,2.678,882
3D-1421 4.6-8 COPPER RING LUGS,3.380,637
3D-1427 4.6-10 COPPER RING LUGS,3.960,305
3D-1431 4.6-5 COPPER RING LUGS,2.059,1718
3D-1461 10-10 COPPER RING LUGS,4.892,316
3D-1465 10-6 COPPER RING LUGS,3.546,554
3D-1466 10-8 COPPER RING LUGS,4.376,130
3D-1511 16-6 COPPER RING LUGS,5.693,276
3D-1512 16-8 COPPER RING LUGS,6.588,51
3D-1514 16-10 COPPER RING LUGS,7.268,229
3D-1552 25-8 COPPER RING LUGS,13.218,156
3D-1553 25-10 COPPER RING LUGS,11.297,180
3D-1555 25-12 COPPER RING LUGS,15.850,98
3D-1581 35-8 COPPER RING LUGS,13.390,186
3D-1582 35-10 COPPER RING LUGS,16.750,25
3D-1607 50-10 COPPER RING LUGS,24.430,50
3D-1636 70-12 COPPER RING LUGS,0.000,0
3D-1699 1.5 FORK TYPE LUGS,0.950,900
3D-1884 2.5 FORK TYPE LUGS,1.139,1380
3D-1907 4.6 FORK TYPE LUGS,1.855,1000
3D-2344 95-12 COPPER RING LUGS HEAVY DU,90.740,16
3D-2522 150-16 COPPER RING LUGS,0.000,0
3D-2545 25-8 ALUMINIUM TUBULAR,3.390,40
3D-2546 25-10 ALUMINIUM TUBULAR,3.020,40
3D-2549 35-8 ALUMINIUM TUBULAR,3.840,30
3D-2550 35-10 ALUMINIUM TUBULAR,3.812,19
3D-2552 50-10 ALUMINIUM TUBULAR,6.457,38
3D-2555 70-10 ALUMINIUM TUBULAR,9.434,25
3D-2556 70-12 ALUMINIUM TUBULAR,8.875,40
3D-2557 95-10 ALUMINIUM TUBULAR,11.941,34
3D-2558 95-12 ALUMINIUM TUBULAR,11.538,40
3D-2561 120-12 ALUMINIUM TUBULAR,13.220,1
3D-2564 150-12 ALUMINIUM TUBULAR,19.663,18
3D-2570 240-16 ALUMINIUM TUBULAR,35.720,10
3D-2571 300-16 ALUMINIUM TUBULAR,47.420,10
3D-2573 400-20 ALUMINIUM TUBULAR,71.650,10
3D-2804 2.5MM COPPER SLEEVE LUGS,0.000,0
3D-2806 4MM COPPER SLEEVE LUGS,0.000,0
3D-2808 6MM COPPER SLEEVE LUGS,0.000,0
3D-2810 10MM COPPER SLEEVE LUGS,0.000,0
3D-3008 1.5 INSULATED PIN TYPE LUGS,1.120,340
3D-3022 2.5 INSULATED PIN TYPE LUGS,1.290,772
3D-3086 1.5-5 INSULATED COPPER RING LUGS,1.407,400
3D-3089 1.5-6 COPPER RING LUGS,1.525,400
3D-3130 2.5-5 INSULATED COPPER RING LUGS,1.565,400
3D-3132 2.5-6 INSULATED COPPER RING LUGS,1.680,200
3D-3135 2.5-8 INSULATED COPPER RING LUGS,2.190,200
3D-3202 4.6-6 INSULATED COPPER RING LUGS,0.000,0
3D-3207 4.6-8 INSULATED COPPER RING LUGS,3.630,200
3D-3639 1.5 INSULATED FORK TYPE LUGS,1.110,670
3D-3657 2.5 INSULATED FORK TYPE LUGS,1.420,2900
3PS SELECTOR SWITCH,0.000,0
3PS WITH KEY SELECTOR SWITCH,70.000,2
3PSR SELECTOR SWITCH,32.670,79
4 MM FERUL MARKING SLEVE,220.000,1
4 MM SPIRAL,75.000,2
4 PIN MATEL MALE FEMALE CONNECTOR,0.000,0
4 PIN PCB CANNECTOR FEMALE,8.000,50
40A MCB TPN,0.000,0
45CJ40APB 25A 1 POLE CONTECTOR SIMENS,0.000,0
5 PIN PCB CANNECTOR FEMALE,10.000,50
6 AMP 3 PIN TOP,21.880,25
6 MM FERUL MARKING SLEVE,280.000,1
6 MM SPIRAL,85.000,3
6A 12WAY PVC TERMINAL,11.700,80
6A 1WAY SWITCHN SIMPLE,9.022,385
6A 2 IN 1 SOCKET SIMPLE,17.370,276
7 PIN PCB CANNECTOR FEMALE,14.000,50
88A DRUM,250.000,1
88A DRUM REFLLING,300.000,2
9 MM SPIRAL,85.000,8
9 PIN FEMALE CONNECTOR  WITH COVER,0.000,0
A-2713 COB PENDANT SWITCH,495.000,1
A-4713 COB PENDANT SWITCH,660.000,1
A-6713 COB PENDANT SWITCH,810.000,1
A-8713 COB PENDANT SWITCH,970.000,1
ADCAB 0.5X1 CORE FLEXIBLE CABLE,4.507,3777
ADCAB 0.5X12 CORE FLEXIBLE CABLE,69.000,8
ADCAB 0.5X2 CORE FLEXIBLE CABLE,13.713,326
ADCAB 0.5X3 CORE FLEXIBLE CABLE,20.439,100
ADCAB 0.5X4 CORE FLEXIBLE CABLE,24.166,145
ADCAB 0.5X7 CORE FLEXIBLE CABLE,0.000,0
ADCAB 0.75X1 CORE FLEXIBLE CABLE,6.202,3025
ADCAB 0.75X2 CORE FLEXIBLE CABLE,18.916,152
ADCAB 0.75X3 CORE FLEXIBLE CABLE,26.142,180
ADCAB 0.75X4 CORE FLEXIBLE CABLE,30.672,40
ADCAB 0.75X7 CORE FLEXIBLE CABLE,0.000,0
ADCAB 1.5X1 CORE FLEXIBLE CABLE,12.104,3690
ADCAB 1.5X12 CORE FLEXIBLE CABLE,162.360,14
ADCAB 1.5X16 CORE FLAT CABLE,215.320,33
ADCAB 1.5X2 CORE FLEXIBLE CABLE,30.908,107
ADCAB 1.5X3 CORE FLAT CABLE,48.000,9
ADCAB 1.5X3 CORE FLEXIBLE CABLE,42.240,400
ADCAB 1.5X4 CORE FLEXIBLE CABLE,56.947,108
ADCAB 1.5X6 CORE FLEXIBLE CABLE,82.660,33
ADCAB 10X1 CORE FLEXIBLE CABLE,81.240,46
ADCAB 10X4 CORE FLEXIBLE CABLE,0.000,0
ADCAB 120X3.5 ALUMINIUM ARMOURED CABLE,0.000,0
ADCAB 16X1 CORE FLEXIBLE CABLE,122.735,101
ADCAB 16X4 ALUMINIUM ARMOURED CABLE,0.000,0
ADCAB 16X4 CORE FLEXIBLE CABLE,0.000,0
ADCAB 1X1 CORE FLEXIBLE CABLE,7.908,3284
ADCAB 1X2 CORE FLEXIBLE CABLE,0.000,0
ADCAB 1X3 CORE FLEXIBLE CABLE,29.538,199
ADCAB 1X4 CORE FLEXIBLE CABLE,40.968,109
ADCAB 2.5X1 CORE FLEXIBLE CABLE,0.000,0
ADCAB 2.5X2 CORE FLEXIBLE CABLE,46.232,80
ADCAB 2.5X3 CORE FLEXIBLE CABLE,66.592,14
ADCAB 2.5X4 CORE FLEXIBLE CABLE,84.433,52
ADCAB 25X1 CORE FLEXIBLE CABLE,185.950,200
ADCAB 35X1 CORE FLEXIBLE CABLE,0.000,0
ADCAB 4X1 CORE FLEXIBLE CABLE,0.000,0
ADCAB 4X3 CORE FLEXIBLE CABLE,97.318,50
ADCAB 4X4 CORE FLEXIBLE CABLE,134.451,73
ADCAB 50X1 CORE FLEXIBLE CABLE,0.000,0
ADCAB 50X3.5 ALUMINIUM ARMOURED CABLE,0.000,0
ADCAB 6X1 CORE FLEXIBLE CABLE,44.260,653
ADCAB 6X3 CORE FLEXIBLE CABLE,149.496,34
ADCAB 6X4 CORE FLEXIBLE CABLE,198.426,121
ADCAB 70X1 CORE FLEXIBLE CABLE,0.000,0
ADCAB 95X1 CORE FLEXIBLE CABLE,0.000,0
AERA 2.5 MM CONNECTORES SLEEV  ACC-23,0.000,0
"AIR VENT 130*130MM 4"" PALIN TYPE",28.000,20
AIRON PUSH BUTTON GREEN,17.850,25
AIRON PUSH BUTTON RED,0.000,0
ALMONARD EXHAUST FAN 12INCH 1400RPM 1P,2412.540,1
ALMONARD WALL AIR CIRCULATORS 18INCH,0.000,0
ALMONARD WALL AIR CIRCULATORS 24INCH,0.000,0
ALMONARD WALL AIR CIRCULATORS 30 INCH,0.000,0
ALTECH MCB 32A FP,480.000,1
ALUMINIUM PATA 25X10,300.000,5
ALUMINIUM PATA 25X5,0.000,0
ANGAL HOLDER,16.549,38
ANGLE HOLDER,0.000,0
"ATEX 25MM (1"") D.C CABLE GLAND",0.000,0
"ATEX 28MM (1.1/8"") D.C CABLE GLAND",0.000,0
ATEX 32MM (1.3/8) D.C CABLE GLAND,0.000,0
ATEX 35MM (1.3/8) D.C CABLE GLAND,0.000,0
ATEX 38MM (1.1/2) D.C CABLE GLAND,0.000,0
ATEX 45MM (1.3/4) D.C CABLE GLAND,0.000,0
"ATEX 50MM (1"") D.C CABLE GLAND",0.000,0
"ATEX 63MM (1"") D.C CABLE GLAND",0.000,0
"ATOMBERG GORILLA C F RENESA+ 48"" OAKWOOD",3855.930,1
ATOMBERG RENESA ALPHA 1200 MM GLOSS BLAC,0.000,0
ATOMBERG STUDIO+ EARTH BROWN,0.000,0
ATOMBERG STUDIO+ EXHAUST FAN BLACK,0.000,0
AUTO SWITCH (DOL) THREE PHASE,318.500,2
AUTONICS SENSOR BRQM20M-TDTA-P,0.000,0
BCH BOCRSS-30S RELAY,0.000,0
BOHMEN LIMIT SWITCH LSRS 10A 500V,282.751,9
BOHMEN LSO INTIRIAR,118.900,5
BOHMEN LSO-S LIMIT SWITCH INTIRIAR,129.050,4
BRASS NUTERLINK 30A 13WAY,0.000,0
BULK SMS,0.000,0
BUS BAR SUPPORTS 30*6 ROUND,6.500,109
BUS BAR SUPPORTS 30*8 ROUND,8.250,43
BUS BAR SUPPORTS 40*8 ROUND,11.000,15
BUS BAR SUPPORTS 50*10 ROUND,22.000,21
BUS BAR SUPPORTS T - TYPE,10.000,8
BUSY BLS UPGRADE,3600.000,1
BUTTON HOLDER,11.590,20
C CHANNEL END CLEMP,1.750,100
C TYPE TERMINAL CHANNEL CHS-10,0.000,0
CABLE CLIPS 10MM,0.225,3490
CABLE CLIPS 12MM,0.321,2580
CABLE CLIPS 14MM,0.470,200
CABLE CLIPS 16MM,0.510,770
CABLE CLIPS 18MM,0.544,1108
CABLE CLIPS 20MM,0.565,3624
CABLE CLIPS 25MM,0.787,4065
CABLE CLIPS 4MM,0.710,100
CABLE CLIPS 5MM,0.060,500
CABLE CLIPS 6MM,0.123,1550
CABLE CLIPS 8MM,0.146,2170
CABLE TIE GUN,149.000,1
CAPCO 10.00MFD 440V CAPACITORS,35.220,36
CAPCO 100-120 230V START CAPACITORS,87.720,5
CAPCO 12.50MFD 440V CAPACITORS,51.170,5
CAPCO 120-150 230V START CAPACITORS,97.180,5
CAPCO 15.00MFD 440V CAPACITORS,47.623,36
CAPCO 150-200 230V START CAPACITORS,104.920,3
CAPCO 2.50 MFD 440V CAPACITORS,15.980,50
CAPCO 2.50 MFD 440V OIL CAPACITORS,20.610,50
CAPCO 20.00MFD 440V CAPACITORS,76.110,5
CAPCO 200-250 230V CAPACITORS,0.000,0
CAPCO 25.00MFD 440V CAPACITORS,82.990,5
CAPCO 3.15MFD 440V CAPACITORS,17.030,4
CAPCO 36.00MFD 440V 45*120REG.CAPACITORS,103.240,23
CAPCO 4.00MFD 440V CAPACITORS,20.946,21
CAPCO 45.00MFD 440V CAPACITORS,129.650,4
CAPCO 5 KVR OIL CAPACITORS,673.200,2
CAPCO 50.00MFD 440V CAPACITORS,114.750,21
CAPCO 6.00MFD 440V CAPACITORS,31.390,5
CAPCO 60-80 230V START CAPACITORS,69.660,5
CAPCO 72.00MFD 440V CAPACITORS,187.480,5
CAPCO 80-100 230V START CAPACITORS,77.830,5
CAPCO GOLD 10 KVR CAPACITORS,1345.750,3
CAPCO GOLD 15 KVR CAPACITORS,2047.000,1
CAPCO GOLD 20 KVR CAPACITORS,0.000,0
CAPCO GOLD 5 KVR CAPACITORS,676.083,3
CAPCO GOLD 8 KVAR CAPACITORS,0.000,0
CAPCO SUPER HEAVY DUTY 15 KVAR CAPACITOR,0.000,0
CG 48 INCH GIANNA FAN,0.000,0
CG ARIYABRIZ 1200MM BROWN CEILING FAN,0.000,0
CG BRIZAIR 1200MM BROWN CEILING FAN,1203.390,2
CG EXHAUST FAN 150MM,862.712,5
CG EXHAUST FAN 200MM,949.150,1
CG EXHAUST FAN 250MM,1042.370,2
CG HS PLUS OPAL WHITE 1200MM CELING FAN,0.000,0
CG HS TORO MAGIC BROWN 1200MM CELING FAN,0.000,0
CG RIVERA 1200MM BROWN CEILING FAN,1532.205,4
CG SEA BLISS 1200MM BROWN CEILING FAN,0.000,0
CG TORPEDO 400MM PEDESTAL FAN,2067.800,1
CG TORPEDO 400MM WALL FAN,1889.765,2
CHINT CONTECTOR 25AMP 220V NO,536.000,1
CHINT MCB 25AMP 4 POLE,348.000,1
CONNECTWELL END PLATE EPCBS3U,0.000,0
CONNECTWELL STUD TERMINAL CSB4/N4UN,0.000,0
COPPER BUS BAR PATI 9 HOLE,85.000,5
COPPER PATTI 12*3 SIZE,0.000,0
COPPER WINDING WIRE 30NO,0.000,0
COPPER WIRE 10 GEJ,785.000,3.050
COPPER WIRE 8 GEJ,785.000,3
CRIMPING TOOLS FOR END SLEEVE LUGS HSC 8,616.778,8
CRIMPING TOOLS YQK-300 HYDRAULIC,2221.500,1
CT 56-G COUNT TOTALISER,0.000,0
D A 18X18X36 NPN NC SQURE SENSOR,172.778,9
D A 18X18X36 NPN NO SQURE SENSOR,159.150,26
D A 18X18X36 NPN NO TOP  SENSOR,180.000,11
D A 18X18X36 PNP NO SQURE SENSOR,165.000,5
D A 2-12 NPN NO FLUSH TYPE,170.000,3
D A 4-12 AC NC SENSOR,0.000,0
D A 4-12 NPN NO SENSOR,170.000,7
D A 4-12 PNP NC SENSOR,170.000,2
D A 4-12 PNP NO SENSOR,158.002,31
D A 5-18 NPN O NON FLUSH TYPE,0.000,0
D A 5-18 PNP NO FLUSH TYPE,158.000,15
D A 5-18 PNP NO FLUSH TYPE 30MM,0.000,0
D A 8-18 AC NC SENSOR,230.000,3
D A 8-18 AC NO SENSOR,230.000,4
D A 8-18 NPN NC SENSOR,170.000,8
D A 8-18 NPN NO SENSOR,158.007,10
D A 8-18 NPN NO SENSOR PLASTIC BODY,0.000,0
D A 8-18 PNP NC SENSOR,170.000,6
D A 8-18 PNP NO SENSOR,158.680,24
D A M-18 DIFFUSE PHOTO SENSOR NPN-NO+NC,450.000,11
D A M-18 DIFFUSE PHOTO SENSOR PNP NO+NC,450.000,1
D A M-8 NPN NO SENSOR,320.000,4
D A M-8 PNP NO SENSOR,0.000,0
D LINK CAT 6 CABLE,0.000,0
DELUXE CABLE 1.5 SQMM 1 CORE,8.330,180
DELUXE CABLE 1.5 SQMM 3 CORE,31.110,40
DIAL PLATE,7.476,32
DIGITAL METER 3 PHASE WHITOUT CT,0.000,0
ELEMEX KN 5.5 MARKING TAG,5.200,9
"ELETTRO AIR VENT 130*130MM 4"" PALIN TYPE",27.091,64
"ELETTRO AIR VENT 147*147MM 4"" SNAP TYPE",39.034,31
"ELETTRO AIR VENT 184*184MM 6"" PLAIN TYPE",100.000,2
"ELETTRO AIR VENT 203*203MM 6"" SNAP TYPE",87.500,20
"ELETTRO AIR VENT 252*252MM 8"" SNAP TYPE",230.000,7
ELMAX 2 WAY CANNECTOR M/F DPSC5.08-2W,52.500,12
ELMAX 3 WAY CANNECTOR M/F DPSC5.08-3W,75.000,20
ELMAX 4 WAY CANNECTOR M/F DPSC5.08-4W,100.000,5
ELMAX 5 WAY CANNECTOR M/F DPSC5.08-5W,112.500,10
ELMEX CBT M6 TERMINAL,0.000,0
ELMEX CCLADD SHORT LINK,0.000,0
ELMEX CCLATD SHORT LINK,0.000,0
ELMEX DBK 1*8 DISTRIBUSTION BLOCKS GRAY,0.000,0
ELMEX DP3-D4 GREY END PLATE,8.927,7
ELMEX DU3-D4 GREY,46.660,1
ELMEX EPS-4N END PLATE GREY,0.000,0
ELMEX ET 4 ERTHING TERMINAL,0.000,0
ELMEX FDBK 4 GREY,48.750,5
ELMEX KPDD END PLATE GREY,0.000,0
ELMEX KPNS END PLATE GREY,3.200,8
ELMEX KPSD SHORTING LINK END PLATE,7.150,4
ELMEX KPT END PLATE GREY,5.200,95
ELMEX KPX END PLATE GREY,3.564,137
ELMEX KPY END PLATE GREY,5.200,93
ELMEX KUDD4 DOUBLEDECK TERMINAL,0.000,0
ELMEX KUDF4NV GREY FUSE TERMINAL,25.196,136
ELMEX KUT 10 BLACK,11.800,78
ELMEX KUT 10 BLUE,11.800,85
ELMEX KUT 10 GREY,10.732,84
ELMEX KUT 10 RED,11.800,63
ELMEX KUT 10 YELLOW,11.800,83
ELMEX KUT 16 BLACK,22.160,26
ELMEX KUT 16 BLUE,22.160,38
ELMEX KUT 16 GREY,0.000,0
ELMEX KUT 16 RED,22.160,37
ELMEX KUT 16 YELLOW,22.160,38
ELMEX KUT 2.5 BLACK,6.042,170
ELMEX KUT 2.5 BLUE,6.081,139
ELMEX KUT 2.5 GREY,0.000,0
ELMEX KUT 2.5 RED,6.127,331
ELMEX KUT 2.5 YELLOW,6.078,228
ELMEX KUT 25 COLOR,32.180,197
ELMEX KUT 25 GREY,29.250,25
ELMEX KUT 35 GREY,44.850,40
ELMEX KUT 4 BLACK,7.080,96
ELMEX KUT 4 BLUE,7.080,71
ELMEX KUT 4 GREY,6.743,680
ELMEX KUT 4 RED,7.080,70
ELMEX KUT 4 YELLOW,7.080,70
ELMEX KUT 6 BLACK,8.970,67
ELMEX KUT 6 BLUE,8.970,47
ELMEX KUT 6 GREY,8.740,534
ELMEX KUT 6 RED,8.970,41
ELMEX KUT 6 YELLOW,8.970,47
ELMEX KUT CCLA10N SHORT LINK,0.000,0
ELMEX KUT CCLA4N SHORT LINK,0.000,0
ELMEX KUT CCLA6N SHORT LINK,0.000,0
ELMEX KUT CCLM 2.5K SHORT LINK,39.000,69
ELMEX SCKN END TERMINAL GREY,5.014,466
ELMEX SCT 4 GREY,10.500,100
ELMEX SCT 6 GREY,28.500,94
ELMEX SCT 6 YELLOW,31.350,50
ELMEX SEP 2.5 GREY END PLATE,3.370,40
ELMEX SEP 4 GREY END PLATE,3.750,80
ELMEX SEP 6 GREY END PLATE,4.500,15
ELMX DPBB-50 POWER TERMINAL,0.000,0
ELMX DPBB-50 POWER TERMINAL COLOR,0.000,0
EMERGENCY STOP SWITCH,37.372,95
END SLEEVE LUG 0.5,0.150,30600
END SLEEVE LUG 0.75,0.149,18100
END SLEEVE LUG 1.00,0.174,14200
END SLEEVE LUG 1.50,0.196,17500
END SLEEVE LUG 2.50,0.261,6400
END SLEEVE LUG 4.00,0.380,3300
END SLEEVE LUG 6.00,0.550,2400
END SLEEVE LUG TWIN 0.50,0.300,13500
END SLEEVE LUG TWIN 0.75,0.314,6500
END SLEEVE LUG TWIN 1.00,0.350,10100
END SLEEVE LUG TWIN 1.50,0.432,2700
END SLEEVE LUG TWIN 2.50,0.600,3100
END SLEEVE LUG TWIN 4.00,0.642,3900
END SLEEVE LUG TWIN 6.00,1.238,800
ENERGY METER ANALOG 3 PHASE 10-60AMP,1180.000,1
FEMINA CT COIL 60/5,0.000,0
FERRULES BIG T,4.253,683
FERRULES SMALL T,3.998,1702
FIBRE GLASS WIRE 0.75SQMM,0.000,0
FIBRE GLASS WIRE 1.00SQMM,0.000,0
FIBRE GLASS WIRE 1.50SQMM,0.000,0
FIBRE GLASS WIRE 2.50SQMM,22.379,161
FIBRE GLASS WIRE 4.00SQMM,35.000,96
FIBRE GLASS WIRE 6.00SQMM,50.000,100
FLEXIBAL CONDUIT GLANT PG-16,0.000,0
FLEXIBAL CONDUIT GLANT PG-21,0.000,0
FLEXIBAL CONDUIT GLANT PG-29,26.000,46
FLEXIBAL CONDUIT GLANT PG-36,34.650,6
FLEXIBAL CONDUIT GLANT PG-48,45.702,21
FLEXIBLE CABLE 1 MM *2 CORE,0.000,0
FLEXIBLE CABLE 1.5 MM *2 CORE,0.000,0
FLEXIBLE CABLE 1.5 MM *3 CORE,0.000,0
FLEXIBLE CABLE 1.5MM,0.000,0
FLEXIBLE CABLE 1MM,0.000,0
FLEXIBLE CABLE 2.5 MM *3 CORE,0.000,0
FLEXIBLE CABLE 2.5MM,0.000,0
FLEXIBLE CABLE 4MM,0.000,0
FLEXIBLE CABLE 6 MM *4 CORE,0.000,0
FLEXIBLE PIPE 16MM BLACK,4.000,97
FLEXIBLE PIPE 16MM GREY,3.979,915
FLEXIBLE PIPE 20MM BLACK,5.123,31
FLEXIBLE PIPE 20MM GREY,5.137,837
FLEXIBLE PIPE 25MM BLACK,8.174,24
FLEXIBLE PIPE 25MM GREY,9.000,187
FLEXIBLE PIPE 32MM BLACK,12.929,170
FLEXIBLE PIPE 32MM GREY,14.000,98
FLEXIBLE PIPE 40MM BLACK,17.929,131
FLEXIBLE PIPE 40MM GREY,19.000,79
FLEXIBLE PIPE 50MM BLACK,24.279,48
FLEXIBLE PIPE 50MM GREY,22.917,57
FLEXIBLE PIPE ADAPTORS 16MM,5.000,200
FLEXIBLE PIPE ADAPTORS 20MM,6.000,215
FLEXIBLE PIPE ADAPTORS 25MM,7.000,80
FLEXIBLE PIPE ADAPTORS 32MM,10.000,84
FLEXIBLE PIPE ADAPTORS 40MM,12.000,35
FLEXIBLE PIPE ADAPTORS 50MM,16.000,9
FLEXIBLE PIPE CLIP,2.000,40
FLOAT SWITCH 2MTR,160.000,1
FLOAT SWITCH 3MTR,180.000,7
FOOT SWITCH FS SFMP-1,400.000,6
FOOT SWITCH FS-2,115.000,3
FOOT SWITCH FS-3,153.000,1
FRONTIER DIGITAL  TIMER TH619,0.000,0
FTC FUSE HOLDER 125A,0.000,0
FTC FUSE LINK 100AMP TCP TYPE,0.000,0
GASKETS 3MMX20MMX10MTR,0.000,0
GASKETS 3MMX25MMX10MTR,42.000,15
GEB TEST REPORT CHARGE,83.500,8
GI FLEXIBLE PIPE WITH PVC COATING 25MM,0.000,0
GI PATTI 25*5 (PER MTR WEIGHT 1.25 KG ),0.000,0
GI PLAT 1*1 SQ FEET,0.000,0
GIANTLOK PVC CABLE DUCTS 25X25 TYPE B,43.400,14
GIANTLOK PVC CABLE DUCTS 45X45 TYPE B,76.490,23
GIANTLOK PVC CABLE DUCTS 60*45 TYPE B,97.000,15
GIC LIQUID LEVEL CONTROLLER 4421AD1,0.000,0
GIC MAC04 D0100 VOLTAGE MONITORING RELAY,1089.000,1
GIC MD21DF TIMER,0.000,0
GIC MG53BH,0.000,0
GIC MG73BH,0.000,0
GIC SPP 3 PH MA51BC,0.000,0
GIC VOLTAGE MONITORING RELAY DMS120,0.000,0
GLASS FUSE 10A,3.050,456
GLASS FUSE 2A,2.750,297
GLASS FUSE 5A,2.750,107
GRD AMP MTR 72*72,80.529,59
GRD AMP MTR 72*72 (1-2-3),86.000,3
GRD AMP MTR 96*96,136.235,17
GRD AMP MTR 96*96 (250/5),142.000,2
GRD CT COIL,102.013,54
GRD CT COIL 300/5 A,140.000,9
GRD VOLT MTR 72*72 (0-500V),89.284,5
GRD VOLT MTR 96*96,155.333,6
GROMET 22.5 CLOSE GB-6,1.150,217
GROMET 50MM CLOSE,2.500,5
GROWMET 30MM CLOSE,0.000,0
GROWMET 32MM CLOSE,1.595,105
GROWMET 40MM CLOSE,1.700,85
GROWMET 50MM CLOSE,2.500,100
GROWMET 50MM OPEN,2.750,100
GW  WIRE TAPE BLACK 7 MTR,7.637,265
GW WIRE TAPE BLUE 7MTR,7.146,181
GW WIRE TAPE GREEN 7MTR,7.023,115
GW WIRE TAPE RED 7MTR,7.200,125
GW WIRE TAPE YELLOW 7MTR,7.020,89
HARMONY XA2EVB3LC GREE LED INDICATOR 24V,92.610,9
HARMONY XA2EVM3LC GREEN LED INDICATOR,91.714,7
HARMONY XA2EVM4LC RED LED INDICATOR SND,91.613,15
HARMONY XA2EVM5LC AMBER LED IND. SND,0.000,0
HARMONY XA2EVM6LC BLUE LED INDICATOR SND,134.400,3
HARMONY XA2EVM8LC YELLOW LED IND. SND,92.610,4
HARMONY XB5AA21N BLACK PUSH BUTTON,85.717,27
HARMONY XB5AA31N GREEN PUSH BUTTON,87.392,16
HARMONY XB5AA42N RED PUSH BUTTON,87.234,20
HARMONY XB5AA51N YELLOW PUSH BUTTON,86.805,26
HARMONY XB5AA61N BLUE PUSH BUTTON,85.652,29
HARMONY XB5AD21N 2PS SELECTOR SWITCH,216.041,17
HARMONY XB5AD33N 3PS SELECTOR SWITCH,228.960,5
HARMONY XB5AD53N 3PSR SPRING RETURN,231.840,6
HARMONY XB5AK123B1N 2PS LUMI 24V DC,0.000,0
HARMONY XB5AK123M1N 2PS LUMI,342.720,4
HARMONY XB5AK153B3N 3PS LUMI 24V DC,384.650,2
HARMONY XB5AK153M3N 3PS LUMI 230V AC,384.650,4
HARMONY XB5AS542N EMERGENCY STOP,163.172,32
HARMONY XB5AW33B1N GREEN ILLUMINATED P.B,257.704,17
HARMONY XB5AW33M1N GREEN LUMI P.B,253.880,44
HARMONY XB5AW34B2N RED ILLUMINATED P.B,254.800,8
HARMONY XB5AW34M2N RED LUMI P.B,263.924,5
HARMONY XB7EV01BPN WHITE LED INDICATOR,140.140,18
HARMONY XB7EV03MPN GREEN LED INDICATOR,0.000,0
HARMONY XB7EV04MPN RED LED INDICATOR,128.345,22
HARMONY XB7EV05MPN YELLOW LED INDICATOR,120.960,13
HARMONY XB7EV06MPN BLUE LED INDICATOR,248.640,13
HARMONY XB7EV08MPN AMBER LED INDICATOR,127.200,6
HAVELLS 6L TURBO ELE. GEYSER,4957.627,3
HAVELLS CHANGEOVER MCB 40A 2 POLE,0.000,0
HAVELLS CHANGEOVER MCB 40A 4 POLE,0.000,0
HAVELLS CHANGEOVER MCB 63A 2 POLE,0.000,0
HAVELLS CHANGEOVER MCB 63A 4POLE,0.000,0
HAVELLS LED T5 10W R10PBD,161.020,20
HEAT SHRINKABLE SLEEVE 2MM WOER BLACK,2.180,400
HEAT SHRINKABLE SLEEVE 3MM WOER BLACK,3.000,384
HEAT SHRINKABLE SLEEVE 4MM WOER BLACK,3.723,740
HEAT SHRINKABLE SLEEVE 5MM WOER BLACK,5.388,190
HEAT SHRINKABLE SLEEVE 6MM WOER BLACK,6.086,150
HEAT SHRINKABLE SLEEVE 8MM WOER BLACK,0.000,0
HEAT SLEEVE 48MM COLOR,0.000,0
HEATSINK D-77,0.000,0
HEATSINK I-68,94.023,7
HF-3-NO-12D-H POWER RELAY,0.000,0
HIFI 15A 3 PIN TOP,38.980,20
HIFI 20W LED T5,0.000,0
HIFI 5*5 ANGLE HOLDER,36.954,73
HIFI 5*5 BUTTON HOLDER,36.381,44
HIFI 5*5 SQURE BLANK PLATE,24.580,6
HIFI 5A 3PIN TOP,23.730,63
HIFI 7*7 ROUND PLATE,32.226,29
HIFI BOXON 01M OPEN BOARD,24.580,24
HIFI BOXON 02M OPEN BOARD,33.050,28
HIFI BOXON 03M OPEN BOARD,37.446,17
HIFI BOXON 04M OPEN BOARD,43.456,25
HIFI BOXON 06M OPEN BOARD,58.135,31
HIFI BOXON 08M OPEN BOARD,73.747,30
HIFI BOXON 09M OPEN BOARD,78.220,15
HIFI BOXON 12M OPEN BOARD,89.842,18
HIFI BOXON 16M OPEN BOARD,130.330,7
HIFI BOXON 18M OPEN BOARD,140.720,4
HIFI DING DONG BELL,0.000,0
HIFI DINGO 12M PLATE,138.840,2
HIFI DINGO 1M PLATE,30.510,1
HIFI DINGO 20A SWITCH,34.750,12
HIFI DINGO 2M PLATE,35.170,3
HIFI DINGO 3M PLATE,48.150,4
HIFI DINGO 4.5X4.5 ANGLE HOLDER,0.000,0
HIFI DINGO 4M PLATE,57.910,2
HIFI DINGO 6A 1WAY SWITCH,14.410,100
HIFI DINGO 6A 2WAY SWITCH,31.600,14
HIFI DINGO 6M PLATE,95.601,8
HIFI DINGO 8M H PLATE,98.309,14
HIFI E CLASS 20A SWITCH,31.720,55
HIFI E CLASS 6A 1WAY SWITCH,11.608,334
HIFI E CLASS 6A 2WAY SWITCH,28.140,16
HIFI E CLASS BELL PUSH SWITCH,28.840,19
HIFI ELECTRO L/G  2 WAY SWITCH,0.000,0
HIFI ELECTRO L/G 10A 1 WAY SWITCH,0.000,0
HIFI ELECTRO L/G 10A BELL SWITCH,0.000,0
HIFI ELECTRO L/G 15A SOCKET,0.000,0
HIFI ELECTRO L/G 15A SWITCH,0.000,0
HIFI ELECTRO L/G 2M DOWN LIGHT,0.000,0
HIFI ELECTRO L/G 2M PLATE,0.000,0
HIFI ELECTRO L/G 3M PLATE,0.000,0
HIFI ELECTRO L/G 4M PLATE,0.000,0
HIFI ELECTRO L/G 5A SOCKET,0.000,0
HIFI ELECTRO L/G 6M PLATE,0.000,0
HIFI ELECTRO L/G 8M PLATE,0.000,0
HIFI ELECTRO L/G DUMMY PLATE,0.000,0
HIFI ELECTRO L/G SWITCH TYPE REGULATOR,0.000,0
HIFI FLATINO 10A 1 WAY SWITCH,16.100,2
HIFI FLATINO 15A SWITCH,40.448,49
HIFI HI CLASS  2PIN SOCKET,22.030,15
HIFI HI CLASS 12M PLATE,74.753,12
HIFI HI CLASS 16A DP MCB,175.850,2
HIFI HI CLASS 16A SP MCB,0.000,0
HIFI HI CLASS 16M PLATE,89.718,4
HIFI HI CLASS 18M PLATE,96.610,5
HIFI HI CLASS 1M PLATE,24.222,8
HIFI HI CLASS 20A SOCKET,54.245,79
HIFI HI CLASS 20A SP MCB,79.320,5
HIFI HI CLASS 25A DP MCB,175.850,2
HIFI HI CLASS 25A SP MCB,79.303,6
HIFI HI CLASS 2M PLATE,22.926,28
HIFI HI CLASS 32A DP MCB,175.850,2
HIFI HI CLASS 32A SP MCB,79.316,5
HIFI HI CLASS 3M PLATE,33.405,13
HIFI HI CLASS 4M PLATE,34.070,10
HIFI HI CLASS 6A INTERNATIONAL SOCKET,0.000,0
HIFI HI CLASS 6A SOCKET,23.322,346
HIFI HI CLASS 6M PLATE,48.640,19
HIFI HI CLASS 8M H PLATE,63.445,14
HIFI HI CLASS 8M V PLATE,61.020,5
HIFI HI CLASS DUMMY PLATE,7.510,103
HIFI HI CLASS SOCKETTYPE 5STEP REGULATOR,138.980,11
HIFI HI CLASS SWITCHTYPE 5STEP REGULATOR,123.739,38
HIFI HI CLASS USB SOCKET,0.000,0
HIFI S.S COMBINED WITH BOX,88.980,9
HONEYWELL LIMIT SWITCH SZL-WL-B-A01AH,850.000,20
IDEAL LIMIT SWITCH IDD2,0.000,0
IDEAL LIMIT SWITCH TLS-103,280.588,20
INLUMINATED 2P SELECTROR SWITCH GREEN,0.000,0
ITC AMBER LAMP 220V,28.000,50
ITC BLUE LAMP 220V,33.000,19
ITC GREEN LAMP 220V,28.000,7
ITC RED LAMP 220V,28.000,19
ITC YELLOW LAMP 220V,28.000,19
JAINSON AIR VENT 4 INCH CREW TYPE  7035,0.000,0
JAINSON AIR VENT 4 INCH SNEP  TYPE  7035,0.000,0
Jainson Crimping Tools  VIRAT-16,612.000,1
Jainson Crimping Tools  VIRAT-6,462.000,1
JIGO CABLE GLANT M-20,7.000,500
JIGO CABLE GLANT M-25,12.000,80
JIGO CABLE GLANT M-32,0.000,0
JIGO CABLE TIE 100MM,9.038,27
JIGO CABLE TIE 100MM BLACK,10.375,8
JIGO CABLE TIE 100MM HEAVY,0.000,0
JIGO CABLE TIE 150MM,18.000,14
JIGO CABLE TIE 150MM BLACK,20.833,6
JIGO CABLE TIE 150MM HEAVY,0.000,0
JIGO CABLE TIE 200MM,30.044,7
JIGO CABLE TIE 200MM BLACK,0.000,0
JIGO CABLE TIE 200MM HEAVY,0.000,0
JIGO CABLE TIE 250MM,43.500,3
JIGO CABLE TIE 250MM BLACK,45.000,5
JIGO CABLE TIE 250MM HEAVY,0.000,0
JIGO CABLE TIE 300MM,54.148,8
JIGO CABLE TIE 300MM HEAVY,0.000,0
JIGO CABLE TIE 350MM,75.000,8
JIGO CABLE TIE 400MM,100.000,6
JIGO HEAVY DUTY CONNECTOR 10PIN CLOSE,650.000,1
JIGO HEAVY DUTY CONNECTOR 10PIN OPEN,544.898,12
JIGO HEAVY DUTY CONNECTOR 16PIN OPEN,677.084,5
JIGO HEAVY DUTY CONNECTOR 24PIN OPEN,882.333,3
JIGO HEAVY DUTY CONNECTOR 32PIN OPEN,1450.000,3
JIGO HEAVY DUTY CONNECTOR 48PIN OPEN,2033.330,4
JIGO HEAVY DUTY CONNECTOR 4PIN CLOSE,375.000,2
JIGO HEAVY DUTY CONNECTOR 4PIN OPEN,325.000,2
JIGO HEAVY DUTY CONNECTOR 6PIN CLOSE,525.000,1
JIGO HEAVY DUTY CONNECTOR 6PIN OPEN,450.000,1
JIGO HS-16 CRIMPING TOOL,0.000,0
JIGO IND PANEL P/S 32A 3PIN IP44,0.000,0
JIGO LED 22.5MM AMP LAMP,140.000,30
JIGO LED 22.5MM VOLT LAMP,65.000,13
JIGO LED WITH BUZZER LAMP 22.5 MM 220V,0.000,0
JIGO LED WITH BUZZER LAMP 22.5MM 24V,57.941,14
JIGO LIMIT SWITCH 8108,260.000,3
JIGO LUMINOUS PUSH BUTTON BLUE,61.515,33
JIGO LUMINOUS PUSH BUTTON GREEN,64.070,37
JIGO LUMINOUS PUSH BUTTON GREEN 24V,66.750,40
JIGO LUMINOUS PUSH BUTTON RED,62.632,19
JIGO LUMINOUS PUSH BUTTON YELLOW,61.515,33
JIGO PANEL COOLING FAN SQARE 220V 8 INCH,815.247,3
JIGO PANEL COOLING FAN SQURE 220V 4INCH,210.000,56
JIGO PANEL COOLING FAN SQURE 220V 6INCH,425.000,5
JIGO PANEL COOLING FAN SQURE 24V 4INCH,0.000,0
JIGO PF 083A RELAY SOCKET 08 PIN,0.000,0
JIGO PF 113A RELAY SOCKET 11 PIN,16.000,19
JIGO PUSH BUTTON,22.302,421
JIGO PVC CABLE GLAND PG-16,4.000,300
JIGO PVC EMPTY BOX 1 WAY,27.985,13
JIGO PVC EMPTY BOX 2 WAY,36.286,34
JIGO PVC EMPTY BOX 3 WAY,50.000,16
JIGO PVC EMPTY BOX 4 WAY,60.000,6
JIGO PVC EMPTY BOX 6 WAY,87.143,7
JIGO PYF 08A RELAY SOCKET 08 PIN,21.265,82
JIGO PYF-14A RELAY SOCKET 14 PIN,0.000,0
JIGO SELECTOR SWITCH 3PS,0.000,0
JIGO SMPS POWER SUPPLY 10AMP,0.000,0
JIGO TWIN LUMINOUS PUSH BUTTON,85.000,23
JIGO TWIN PUSH BUTTON,60.000,28
JOYSTICK SWITCH 2P AUTO,0.000,0
JOYSTICK SWITCH 4P AUTO,0.000,0
JR-1-NO-12D-H POWER RELAY,0.000,0
JR-3-NO-12D-DH POWER RELAY,0.000,0
JUNCTION BOX 100X100X70,74.584,11
JUNCTION BOX 150X110X70,0.000,0
JUNCTION BOX 150X150X70,99.273,7
JUNCTION BOX 200X155X80,143.000,10
JUNCTION BOX 255X200X80,0.000,0
JUNCTION BOX 300X250X120,0.000,0
KC50ZDA 50AMP SSR (KC TYP),0.000,0
KEI CABLE 4 SQMM 4 CORE FLEXIBLE,0.000,0
KEI CABLE SINGLE CORE 2.5 GRAY,0.000,0
KSS CABLE TIES 100MM,27.000,69
KSS CABLE TIES 150MM,75.000,18
KSS CABLE TIES 200MM,110.000,14
KSS CABLE TIES 250MM,178.750,4
KSS CABLE TIES 300MM,210.000,4
KSS CABLE TIES 350MM,0.000,0
L TYPE SUPPORT L-150 SMC,0.000,0
L TYPE SUPPORT L-85 DMC,13.000,25
L&T 400 AMP HRC FUSE HN-2,0.000,0
L&T CHANG OVER SWITCH 100AMP,0.000,0
L&T CHANG OVER SWITCH 125AMP,0.000,0
L&T CHANG OVER SWITCH 63AMP,0.000,0
L&T DU250C 250A 4P MCCB,0.000,0
L&T DY125U 100A 4P 10KA MCCB W/O SPREDER,0.000,0
L&T DY125U 100A FP 10KA MCCB,0.000,0
L&T DY125U 100A TP 10KA MCCB W/O SPREDER,0.000,0
L&T DY125U 125A FP 10KA MCCB,0.000,0
L&T DY125U 125A TP 10KA MCCB W/O SPREDER,0.000,0
L&T DY250U 160A FP 10KA MCCB CM98196OOMO,0.000,0
L&T DY250U 160A TP 10KA MCCB CM98195OOMO,0.000,0
L&T DY250U 200A TP 10KA MCCB CM98195OONO,0.000,0
L&T DY250U 250A TP 10KA MCCB,0.000,0
L&T EXORA MCB 25A FP 10KA,0.000,0
L&T EXORA MCB 40A 3P 10KA,0.000,0
L&T EXORA MCB 63A 4P 10KA,1162.660,1
L&T EXORA RCCB 25A 2P,0.000,0
L&T EXORA RCCB 40A 2P 30MA 10KA,0.000,0
L&T EXORA RCCB 63A 4P 30MA  AUF3C406303,0.000,0
L&T HN HRC FUSE LINK 100A SIZE 00,0.000,0
L&T HN HRC FUSE LINK 125A SIZE 00,0.000,0
L&T HN HRC FUSE LINK 200A SIZE 1,0.000,0
L&T HN HRC FUSE LINK 250A SIZE 1,0.000,0
L&T HN HRC FUSE LINK 32A SIZE 00,0.000,0
L&T HN HRC FUSE LINK 63A SIZE 00,0.000,0
L&T MCCB 160A 4 POLE 25KA CM90634OOMO,0.000,0
L&T MCCB EXTENDED HAMDEL  EM90209OOOO,0.000,0
L&T MCCB SHUNT EM90520OMOO,0.000,0
L&T MCCBS SHUNT RELEASE CM97883OMOO,0.000,0
L&T MCX04 40AMP 4 POLE CONTECTOR,0.000,0
L&T MNX 45/80 ADD ON BLOCK 1ST LEFT,408.000,1
L&T MNX 50 CONTACTOR 50A 240V,4062.000,1
L&T MNX A2 ADD ON BLOCK 1NO+1NC,237.000,1
L&T RCBO 63AMP 4 POLE 30MA,0.000,0
L&T RCCB 100A 4P 100MA 10KA BG410010,3710.250,1
L&T RCCB 40A 4P 100MA 10KA BG404010,0.000,0
L&T ROTARY HANDLE CM99830OOOO,0.000,0
L&T SFU 125A FN SWITCH,0.000,0
L&T SFU S-D-F 32A FN IN SS ENCLOSURE,0.000,0
L&T SFU S-D-F 400A FN IN SS ENCLOSURE,0.000,0
L&T SFU S-D-F 63A FN IN SS ENCLOSURE,0.000,0
LAN PATCH CORD,60.000,3
LEAD HAND CUTTER RED,98.000,7
LED BULB LT TYPE 22.5 MM BLUE 220V,30.500,22
"LED BULB LT TYPE 22.5 MM R,Y,G 220V",28.000,32
LED INDICATOR 16.0MM AC 220V BLUE+GREEN,0.000,0
LED INDICATOR 16.0MM AC 220V RED+YELLOW,0.000,0
LED INDICATOR 22.5MM 110V GREEN+BLUE,20.000,217
LED INDICATOR 22.5MM 110V RED+YELLOW,19.000,20
LED INDICATOR 22.5MM 220V BLUE+GREEN,0.000,0
LED INDICATOR 22.5MM 220V R+Y,0.000,0
LED INDICATOR 22.5MM 24V BLUE,19.000,9
LED INDICATOR 22.5MM 24V GREEN,19.000,9
LED INDICATOR 22.5MM 24V RED,18.000,8
LED INDICATOR 22.5MM 24V YELLOW,18.000,9
LED INDICATOR 22.5MM 415V GREEN,0.000,0
LED INDICATOR 22.5MM 415V RED,0.000,0
LEGEND PLATE METAL 22.5MM,0.000,0
LIMIT SWITCH CA 12,354.667,21
LIMIT SWITCH ST-12H,220.000,1
LOGITECH KEYBOARD WITH MOUSE USB MK-200,847.460,1
LRE SCRAP,600.000,36
MAXCEL JUNCTION BOX 19MM WITH COVER,5.000,5
MCB BOARD BLANK DUMMY PLATE,1.500,76
MCB BOX  12 WAY D.D,0.000,0
MCB BOX 1/2WAY,55.000,11
MCB BOX 10 WAY D.D,0.000,0
MCB BOX 10 WAY DOUBLE DOOR,0.000,0
MCB BOX 12 WAY DOUBLE DOOR,0.000,0
MCB BOX 4 WAY,79.998,52
MCB CHANNEL,35.995,300
MCB DISTRIBUTION BOARD 10 WAY,140.000,1
MCB DISTRIBUTION BOARD 12 WAY,165.000,2
MCB DISTRIBUTION BOARD 16 WAY,190.000,2
MCB DISTRIBUTION BOARD 6 WAY,139.200,3
MCB DISTRIBUTION BOARD 8 WAY,135.557,3
MCB DP 40A,0.000,0
MCB DP 6A-32A,0.000,0
MCB SHORT LINK 1 POLE 1.5M,0.000,0
MCB SHORT LINK 2 POLE 1M,0.000,0
MCB SP 6A-32A,0.000,0
MCB TP 6A-32A,0.000,0
MCB TPN 16A,0.000,0
MCB TPN 20A,0.000,0
MCB TPN 40A,0.000,0
MCB TPN 6A-32A,0.000,0
MCB+SOCKET BORD TPN 32 AMP 2+1,280.000,3
MCB+SOCKET BORD TPN 32 AMP 2+2,280.000,3
MCCB METAL BOX,600.000,2
MEANWELL SMPS 10A 5VDC LRS50-5,0.000,0
MEANWELL SMPS 14.6A 24VDC LRS 350-24,0.000,0
MEANWELL SMPS 2.5A 24VDC LRS50-24,676.848,4
MEANWELL SMPS 3A 5VDC RS-15-5,0.000,0
MEANWELL SMPS 4.2A 24VDC LRS100-24,936.000,3
MEANWELL SMPS 5A 24DC DINRAIL EDR-120-24,1601.574,17
MEANWELL SMPS 5V - 10AMP LRD 50-5VDC,0.000,0
MEANWELL SMPS 6.25 24VDC LRS150-24,1125.000,1
MECO 27 DIGITAL CLAMP TESTER,1080.000,5
MECO 63 DIGITAL MULTIMETER,680.000,2
MEH-72 ELECTRONIC HOOTER METRONICS,296.000,4
MEH-96 ELETRONIC HOOTER METRONICS,296.000,3
MEH-96 ELETRONIC HOOTER RESET TYPE,0.000,0
METRONICS CT 100/5,0.000,0
METRONICS CT 150/5,0.000,0
METRONICS CT 400/5,0.000,0
METRONICS CT 50/5,0.000,0
METRONICS CT 60/5,0.000,0
METRONICS LIQUID LEVEL CONTROLLER 1 PH,800.000,1
MICRO SWITCH D4MC-1000,0.000,0
MICRO SWITCH D4MC-5000,105.000,4
MICRO SWITCH D4MC-5020,105.000,5
MICRO SWITCH GDB,90.000,5
MICRO SWITCH GQ21B,90.000,5
MICRO SWITCH GQ22B,0.000,0
MICRO SWITCH GW21B,97.632,19
MICRO SWITCH GW22B,90.000,5
MICRO SWITCH SV 161,15.000,4
ML 2 KIT,0.000,0
ML 3 KIT,0.000,0
MORNSUN SMPS 24VDC 4.5A LM100-22B24,0.000,0
MOUNTAIR NEW 6'' WHITE EX FAN,0.000,0
"MS JALI FINGERGUARD 6"",NOS,0.000,0.000,0.000,8.000,28.000,224.000,0.000,0.000,0.000,8.000,28.000,224.000
""MS JALI FINGERGUARD 8"",NOS,4.000,45.000,180.000,0.000,0.000,0.000,0.000,0.000,0.000,4.000,45.000,180.000
""MULTI PURPOSE TOOL LS-202B",235.000,1
MULTISPAN  SPP-22,0.000,0
MULTISPAN AMP-19 3PHASE AMP METER,775.000,2
MULTISPAN AV 21V A2-00 VOLT METER,0.000,0
MULTISPAN AV-11 VOLT METER 96*96,430.000,4
MULTISPAN AV-12 VOLT+AMP METER 96*96,675.000,1
MULTISPAN AV-14 CTR AMP METER 96*96,400.000,1
MULTISPAN AV-21 A-B1-00 30A AMP METER,480.000,2
MULTISPAN AV-22 AMP/VOLT METER 72*72,712.500,4
MULTISPAN AV-24-B1-00-R  AMP METER 72*72,400.000,1
MULTISPAN AV-41 A-B1-00 30A AMP METER,480.000,1
MULTISPAN AV-41CT-B1-00 AMP METER,0.000,0
MULTISPAN AV-41V-A2-00 VOLT METER 48*48,400.000,2
MULTISPAN AVF-19N METER 96*96,875.000,3
MULTISPAN BC-1046 BATCH COUNTER,0.000,0
MULTISPAN CT-1000 COUNT TOTALIZER,0.000,0
MULTISPAN CT-2000 COUNT TOTALIZER,0.000,0
MULTISPAN CT-3000 COUNT TOTALIZER,0.000,0
MULTISPAN DI-22U TIMER,0.000,0
MULTISPAN DT-30S 415V TIMER,425.000,1
MULTISPAN DT-60S 415V TIMER,0.000,0
MULTISPAN EM-13,1550.000,1
MULTISPAN LC-1046 D LENTH COUNTER 96*96,1025.000,2
MULTISPAN MDT-1310 TIMER 96*96,0.000,0
MULTISPAN MDT-2312 TIMER 72*72,925.000,2
MULTISPAN MFM-13-M1,0.000,0
MULTISPAN MHI-2024 HEATER INDICATOR,0.000,0
MULTISPAN MHT 1202 TEMPERATURE,0.000,0
MULTISPAN MPC-1061 WITH CMS-01,2750.000,1
MULTISPAN PC-444 CONTER METER,0.000,0
MULTISPAN PI 38 PROCESSOR INDICATOR,0.000,0
MULTISPAN PI-21 PROCESSOR INDICATOR,0.000,0
MULTISPAN PI-41 PROCESSOR INDICATOR,0.000,0
MULTISPAN PID-2303-1C,0.000,0
MULTISPAN RPM INDICATOR RPM-3201 48*96,0.000,0
MULTISPAN SD-22 230V TIMER,0.000,0
MULTISPAN TC 19 TEMP CONTROLLER 96*96,692.000,3
MULTISPAN TC 49 (J)TEMP CONTROLLER 48*48,690.000,3
MULTISPAN TC-29 PT TEMP CONTROLLER 72*72,0.000,0
MULTISPAN UTC-1202 TEMPERATURE 96*96,1150.937,6
MULTISPAN UTC-2202 TEMPERATURE 72*72,1150.000,2
MULTISPAN UTC-4202  (2 RELAY)  48*48,0.000,0
MULTISPAN UTC-421-P TEMPERATURE 48*48,925.000,5
MULTISPAN UTR-433-A2-N-RG,0.000,0
MULTISPAN VOLT-19 3PHASE VOLT  METER,875.000,1
MULTITECH 012 MT,0.000,0
MULTITECH 02DX PLUS MT,0.000,0
MULTITECH 06 MT,0.000,0
MULTITECH 68C SS MT,0.000,0
MULTITECH MT 501,0.000,0
MULTITECH SDK 777I MT,0.000,0
MULTITURN PORT 10K - 10 TURNS,175.000,9
NC ELEMENT,11.631,209
NIKI 0.5X16CORE FLEXIBLE CABLE,83.600,179
NIKI 14*38 2CORE SCREEN CABLE,0.000,0
NIKI 14*38 3CORE SCREEN CABLE,18.240,200
NIKI 14*38 4 CORE SCREEN CABLE,22.230,300
NO  ELEMENT,0.000,0
NUMEX WINDING PAPER,0.000,0
NYLON END CLAMP SCKN TYPE,0.000,0
NYLON E-STOP PLATE,0.000,0
NYLON OPEN CLOSE PLATE,4.500,76
NYLONE FLEXIBLE CONDUIT PIPE PG-13.5,0.000,0
NYLONE FLEXIBLE CONDUIT PIPE PG-16,0.000,0
NYLONE FLEXIBLE CONDUIT PIPE PG-21,52.800,100
NYLONE FLEXIBLE CONDUIT PIPE PG-28,63.350,50
NYLONE FLEXIBLE CONDUIT PIPE PG-29,0.000,0
NYLONE FLEXIBLE CONDUIT PIPE PG-36,86.100,50
NYLONE FLEXIBLE CONDUIT PIPE PG-48,114.100,25
OMRON RELAY MY2N-J 110V,75.000,10
OMRON RELAY MY2N-J 220V,0.000,0
OMRON RELAY MY2N-J 24VDC,97.728,44
OMRON RELAY MY4N-J  24V,75.000,10
OMRON RELAY MY4N-J 110V,75.000,10
OMRON RELAY MY4N-J 220V,0.000,0
OMRON RELAY MY4NJ 24VDC,60.000,192
ORBIT 1 X 8 CORE COPPER FLEXIBLE CABLE,77.480,12
ORBIT 1.5 X 2 CORE COPPER FLEXIBLE CABLE,30.487,100
ORBIT 16X3 CORE COPPER FLAT CABLE,0.000,0
ORBIT 16X3 CORE COPPER FLEXIBLE CABLE,393.240,1
ORBIT 2.5 X 3 CORE COPPER FLEXIBLE CABLE,66.396,200
ORBIT 35X3 CORE COPPER FLEXIBLE CABLE,0.000,0
ORINT WALL FAN 47,0.000,0
P/B LUMI GREEN PUSH TO ON PUSH TO OFF,0.000,0
P/B LUMI RED PUSH TO ON PUSH TO OFF,0.000,0
"PANEL COOLING FAN 6"" OVAL",534.000,4
PANEL FAN 4 INCH 110V,0.000,0
PANEL KNOB 6*30 MM,3.680,121
PANEL LOCK KEY,0.000,0
PANEL LOCK KEY  TYPE,14.647,139
PANEL LOCK KNOB TYPE PVC WING NYLON,24.836,89
PANKAJ POTS 10K 1WATT R.W-1,62.815,47
PANKAJ POTS 10K 3WATT R.W-3,66.000,22
PANKAJ POTS 5K 3WATT R.W-1,0.000,0
PENDENT HOLDER,8.770,16
PEW 16AMP 2 WAY CANNECTOR CERAMIC,12.350,33
PEW 16AMP R/F SWITCH,253.500,7
PEW 20AMP 2 POLE METAL CLAD SOCKET,71.269,24
PEW 20AMP 2POLE MATEL CLAD PLUG,57.500,17
PEW 20AMP 3POLE METAL CLAD PLUG,80.293,23
PEW 20AMP 3POLE METAL CLAD SOCKET,85.105,24
PEW 30A 3 POLE MATEL SOCKET BORD,0.000,0
PEW 30AMP 3POLE METAL CLAD PLUG,159.423,18
PEW 30AMP 3POLE METAL CLAD SOCKET,159.457,11
PEW 32AMP 5 WAY CANNECTOR CERAMIC,22.750,20
PEW 32AMP R/F SWITCH,299.000,8
PEW 63 AMP 3 WAY CANNNECTOR CERAMIC,35.750,9
PEW 63 AMP 4 WAY CANNECTOR CERAMIC,48.750,8
PEW 63AMP 2 WAY CANNECTOR CERAMIC,23.400,16
PEW BUS BAR 100AMP 18*13*6,1820.000,1
PEW BUS BAR 63AMP 15*12*4,0.000,0
PEW BUS BAR 63AMP 18*13*6,1505.000,1
PEW BUS BAR CHAMBERS 100A 15*12*4,0.000,0
PEW BUS BAR CHAMBERS 200A 18*13*6,2086.500,2
PEW BUS BAR CHAMBERS 300A 24*16.5*6,0.000,0
PEW CHANGE OVER 200A 415V 4POLE,0.000,0
PEW CHANGE OVER 63A 415V 4POLE,0.000,0
PEW INDUSTRIAL P/M SOCKET 16A 3PIN (313),51.000,34
PEW INDUSTRIAL PLUG 16AMP 3PIN IP44 013,40.264,9
PEW INDUSTRIAL PLUG 32A 5PIN IP44 (025),85.727,9
PEW INDUSTRIAL SOCKET 16AMP 3PIN (213),45.500,9
PEW INDUSTRIAL SOCKET 32A 5PIN IP44 225,0.000,0
PEW INDUTRIAL P/M SOCKET 32A 5PIN 325,95.835,30
PEW MCB BOX 2+2  TPN BOX,0.000,0
PEW MCB BOX DP+SOCKET 20AMP 2 POLE,120.000,5
PEW MCB BOX TPN+SOCKET BOX 20AMP,140.000,2
PEW MCB BOX TPN+SOCKET BOX 32AMP,130.000,3
PEW METAL SOCKET BOX 20AMP 3POLE,75.000,5
PEW NEUTRAL LINK 32AMP CERAMIC,0.000,0
PEW NEUTRAL LINK 63AMP CERAMIC,0.000,0
PEW S.M.T.P 32AMP 415VOLT,884.000,1
PEW S.M.T.P 63AMP 415VOLT,0.000,0
PEW S.M.T.P SWITCH 100A 415V,4311.750,1
PEW S.M.T.P SWITCH 16AMP 415VOLT,734.500,1
PEW S.M.T.P SWITCH 200A 415V,0.000,0
PEW STARTER (13-21),799.500,1
PEW STARTER (20-32),799.500,1
PEW STARTER (4-6.5),799.665,2
PEW STARTER (6-10),799.582,4
PEW STARTER (9-14),799.526,5
PIC 1101,0.000,0
POLYCAB FLEXIBLE CABLE 0.5X24CORE,0.000,0
POLYCAB FLEXIBLE CABLE 2.5X1CORE,0.000,0
POLYCAB FLEXIBLE CABLE 35X1CORE,0.000,0
POLYCAB FLEXIBLE CABLE 4X4CORE,154.595,60
POLYCAB FR 2.5SQMM 1CORE 300MTR COIL,0.000,0
POLYCAB FRLS 16 SQ MM X 1 CORE BLACK,0.000,0
POLYCAB MS FR FLEXIBLE CABLE 2.5X1CORE,0.000,0
POT KNOB,19.800,33
PT 100 3 CORE SENSOR WIRE TEF/S/S,0.000,0
PVC CHANNEL 25*25,0.000,0
PVC CHANNEL 30*25,0.000,0
PVC CHANNEL 60*25 NARROW P3,0.000,0
PVC CHANNEL 60*25 TYPE-A,105.000,10
PVC CHANNEL 60*60 NARROW P3,0.000,0
PVC MCB BOX 1/2 WAY,16.420,14
PVC MCB BOX 3/4 WAY,27.513,13
RCCB 25A 2 POLE 100MA,0.000,0
RCCB 25A 2 POLE 30MA,0.000,0
RCCB 32A 2P 100MA,0.000,0
RCCB 32A 2P 30MA,0.000,0
RCCB 32A 4P 100MA,0.000,0
RCCB 40A 2 POLE 100MA,0.000,0
RCCB 40A 2 POLE 30MA,0.000,0
RCCB 40A 4P 100MA,0.000,0
RCCB 40A 4P 30MA,0.000,0
RCCB 63AMP 2 POLE 100MA,0.000,0
RCCB 63AMP 2 POLE 30MA,0.000,0
RCCB 63AMP 4 POLE 100MA,0.000,0
RCCB 63AMP 4 POLE 30MA,0.000,0
RISHABH CT 100/5,0.000,0
RJ45 HAND NETWORKING TOOL,790.000,1
ROKER SWITCH GREEN,19.748,62
ROKER SWITCH RED,15.024,101
ROLYTRAY R-3 PVC CHANNEL60*45,0.000,0
ROPE LIGHT LED,0.000,0
ROPE LIGHT LED SOCKET,0.000,0
RR 185*3.5 CORE ALUMINIUM ARMOURED CABLE,0.000,0
RR 35 SQMM 3.5 CORE AL ARMD,0.000,0
RR CABLE 0.75 SQMM 1 CORE 200 MTR COIL,0.000,0
RR CABLE 1 SQMM 1 CORE 200 MTR COIL,0.000,0
RRKABEL BRAIDED SCREENCABLE 0.25X3CORE,0.000,0
RRKABEL COPPER ARMD 2.50X3CORE,0.000,0
RRKABEL FLEXIBLE 0.50X2CORE SHILDED,0.000,0
RRKABEL FLEXIBLE 0.50X4CORE SHILDED,0.000,0
RRKABEL FLEXIBLE CABLE 0.50X10CORE,0.000,0
RRKABEL FLEXIBLE CABLE 0.50X12CORE,0.000,0
RRKABEL FLEXIBLE CABLE 0.50X16CORE,0.000,0
RRKABEL FLEXIBLE CABLE 0.50X19CORE,0.000,0
RRKABEL FLEXIBLE CABLE 0.50X2CORE,0.000,0
RRKABEL FLEXIBLE CABLE 0.50X3CORE,0.000,0
RRKABEL FLEXIBLE CABLE 0.50X4CORE,0.000,0
RRKABEL FLEXIBLE CABLE 0.75X2CORE,0.000,0
RRKABEL FLEXIBLE CABLE 0.75X3CORE,0.000,0
RRKABEL FLEXIBLE CABLE 0.75X4CORE,0.000,0
RRKABEL FLEXIBLE CABLE 1.00X3CORE,0.000,0
RRKABEL FLEXIBLE CABLE 1.50X12CORE,0.000,0
RRKABEL FLEXIBLE CABLE 1.50X3CORE,0.000,0
RRKABEL FLEXIBLE CABLE 1.50X4CORE,0.000,0
RRKABEL FLEXIBLE CABLE 1.50X5CORE,0.000,0
RRKABEL FLEXIBLE CABLE 1X2CORE,0.000,0
RRKABEL FLEXIBLE CABLE 2.50X3CORE,0.000,0
RRKABEL FLEXIBLE CABLE 2.50X4CORE,0.000,0
RRKABEL FLEXIBLE CABLE 25X1CORE,0.000,0
RRKABEL FLEXIBLE CABLE 4.00X3CORE,0.000,0
RRKABEL FLEXIBLE CABLE 4.00X4CORE,0.000,0
RRKABEL FLEXIBLE CABLE 6.00X4CORE,0.000,0
RRKABEL FLEXIBLE CABLE 6.00X5CORE,0.000,0
RRKABEL FR 2.50SQMM 200M COIL,0.000,0
RRKABEL FR RATNAFLEX 0.50SQMM 100M COIL,5.950,200
RRKABEL FR RATNAFLEX 0.75SQMM 100M COIL,8.340,200
RRKABEL FR RATNAFLEX 1.00SQMM 100M COIL,0.000,0
RRKABEL FR RATNAFLEX 1.50SQMM 100M COIL,0.000,0
RRKABEL FR RATNAFLEX 1.50SQMM 200M COIL,14.910,200
RRKABEL FR RATNAFLEX 10.00SQMM 100M COIL,0.000,0
RRKABEL FR RATNAFLEX 2.50SQMM 100M COIL,0.000,0
RRKABEL FR RATNAFLEX 4.00SQMM 100M COIL,39.220,100
RRKABEL FR RATNAFLEX 6.00SQMM 100M COIL,0.000,0
S.S. COMBINED 6&16A SIMPLE,66.530,5
SALZER 61050 6A 1P 4W W/O OFF,0.000,0
SALZER LOAD BREAK SWITCH 25A 3POLE,0.000,0
SALZER MSP2P 240VAC 2C/O RELAY,122.380,10
SALZER MSP2P 24VDC 2C/O RELAY,105.560,14
SALZER MSP4P 240VAC 4C/O RELAY,151.465,2
SALZER MSP4P 24VDC 4C/O RELAY,111.940,5
SALZER PVC CABLE DUCT 25X45 TYPE B 2 MTR,0.000,0
SALZER PVC CABLE DUCT 45X45 TYPE B 2 MTR,0.000,0
SALZER PVC CABLE DUCTS 15X15 TYPE A,36.000,20
SALZER PVC CABLE DUCTS 25X25 TYPE A,55.930,40
SALZER PVC CABLE DUCTS 25X25 TYPE B,0.000,0
SALZER PVC CABLE DUCTS 25X30 TYPE B,60.350,90
SALZER PVC CABLE DUCTS 25X45 TYPE B,76.821,56
SALZER PVC CABLE DUCTS 25X60 TYPE B,97.060,50
SALZER PVC CABLE DUCTS 30X25 TYPE A,57.820,16
SALZER PVC CABLE DUCTS 40X60 TYPE B,119.313,15
SALZER PVC CABLE DUCTS 40X80 TYPE B,144.400,40
SALZER PVC CABLE DUCTS 45X25 TYPE A,74.438,16
SALZER PVC CABLE DUCTS 45X45 TYPE A,0.000,0
SALZER PVC CABLE DUCTS 45X45 TYPE B,100.740,22
SALZER PVC CABLE DUCTS 60X25 TYPE A,0.000,0
SALZER PVC CABLE DUCTS 60X60 TYPE B,142.880,28
SALZER RELAY 11PIN MKG3P110VAC,0.000,0
SALZER RELAY 11PIN MKG3P240A,189.660,8
SALZER RELAY 8PIN 24V DC MKG2P24DC,135.562,18
SALZER RELAY 8PIN MKG2P110VAC,0.000,0
SALZER RELAY 8PIN MKG2P240A,164.140,5
SALZER RELAY MKG3P24V DC 11PIN,161.240,10
SALZER RELAY SOCKET 14 PIN,0.000,0
SALZER RELAY SOCKET 8 PIN,0.000,0
SALZER ROTARY SWITCH 61001 6A 1P ON-OFF,0.000,0
SALZER ROTARY SWITCH 61002 6A 2P ON-OFF,98.019,17
SALZER ROTARY SWITCH 61003 6A 3P ON-OFF,116.850,10
SALZER ROTARY SWITCH 61025 6A 1P 2WAY OF,105.210,21
SALZER ROTARY SWITCH 61026 16A 2P 2WAY,0.000,0
SALZER ROTARY SWITCH 61026 6A 2P 2WAY OF,144.210,9
SALZER ROTARY SWITCH 61027 6A 3P 2W OFF,162.697,11
SALZER ROTARY SWITCH 61028 6A 4P 2W OFF,0.000,0
SALZER ROTARY SWITCH 61037 6A 1P 2W,0.000,0
SALZER ROTARY SWITCH 61038 6A 2P 2W,149.270,1
SALZER ROTARY SWITCH 61080 2POLE,0.000,0
SALZER ROTARY SWITCH 61082 2POLE 5 WAY,0.000,0
SALZER ROTARY SWITCH 61100 6A,259.685,2
SALZER ROTARY SWITCH 61152 16A 2POLE,282.610,3
SALZER ROTARY SWITCH 61153 10A 3POLE,274.350,2
SALZER ROTARY SWITCH 61153 25A 3POLE,546.138,4
SALZER ROTARY SWITCH 61153 40A 3POLE,0.000,0
SALZER ROTARY SWITCH 61153 63A 3POLE,0.000,0
SALZER ROTARY SWITCH 61154 63 A 4POLE,0.000,0
SALZER ROTARY SWITCH 61197 16A 3P ON-OFF,254.923,25
SALZER ROTARY SWITCH 61197 25A 3P ON-OFF,338.580,14
SALZER ROTARY SWITCH 61197 32A 3P ON-OFF,376.381,11
SALZER ROTARY SWITCH 61197 40A 3P ON-OFF,473.853,9
SALZER ROTARY SWITCH 61197 63A 3P ON-OFF,686.959,10
SALZER ROTARY SWITCH 61211  16A 3P R/F,295.519,16
SALZER SELECTOR SWITCH 61312 V-METER,122.380,4
SALZER SELECTOR SWITCH 61325 A-METER,168.780,3
SCH 29450 AUX BLOCK,0.000,0
SCH 29452 AUX BLOCK,0.000,0
SCH ALARM AUX  XZEAXAL,0.000,0
SCH ALARM AUX XZAUX11,0.000,0
SCH LC1DFKM7 CAPICTOR DUTY  12.5 KVR,0.000,0
SCH LC1DLKM7 CAPICTOR DUTY  20 KVR,0.000,0
SCH LV432570  INTERPHASE BARRIERS,0.000,0
SCH MEHVCHDY100A44 CAPICITOR,0.000,0
SCHNEIDER  LV516312 MCCB 125A 4P 25KA,0.000,0
SCHNEIDER  SPREADER LV32492,0.000,0
SCHNEIDER  SPREADER LV32493,0.000,0
SCHNEIDER  VIGI BLOCK A9N26596,0.000,0
SCHNEIDER 4P SPREADER LV431564,0.000,0
SCHNEIDER A9KF71225BQ MCB 25A DP 10KA,0.000,0
SCHNEIDER A9KF71425BQ MCB 25A TPN 10KA,0.000,0
SCHNEIDER A9N16201 RCCB 25A 2P 30MA,1271.610,2
SCHNEIDER A9N16204 RCCB 40A 2P 30MA,1490.260,2
SCHNEIDER A9N16205 RCCB 40A 2P 100MA,0.000,0
SCHNEIDER A9N16208 RCCB 63A 2P 30MA,0.000,0
SCHNEIDER A9N16209 RCCB 63A 2P 100MA,0.000,0
SCHNEIDER A9N16251 RCCB 25A 4P 30MA,1748.600,10
SCHNEIDER A9N16253 RCCB 25A 4P 100MA,1904.560,3
SCHNEIDER A9N16254 RCCB 40A 4P 30MA,0.000,0
SCHNEIDER A9N16255 RCCB 40A 4P 100MA,1722.000,1
SCHNEIDER A9N16256 RCCB 40A 4P 300MA,1940.680,2
SCHNEIDER A9N16258 RCCB 63A 4P 30MA,1993.040,1
SCHNEIDER A9N16259 RCCB 63A 4P 100MA,2240.988,5
SCHNEIDER A9N16262 RCCB 80A 4P 100MA,0.000,0
SCHNEIDER A9R12491 RCCB 100A 4P 100MA,0.000,0
SCHNEIDER ACTI 9 A9N1P03C 03A SP,0.000,0
SCHNEIDER ACTI 9 A9N1P04C 04A SP,196.620,6
SCHNEIDER ACTI 9 A9N1P06C 06A SP,118.150,26
SCHNEIDER ACTI 9 A9N1P10C 10A SP,114.793,47
SCHNEIDER ACTI 9 A9N1P16C 16A SP,118.030,29
SCHNEIDER ACTI 9 A9N1P20C 20A SP,116.847,24
SCHNEIDER ACTI 9 A9N1P25C 25A SP,107.240,15
SCHNEIDER ACTI 9 A9N1P32C 32A SP,98.280,3
SCHNEIDER ACTI 9 A9N1P40C 40A SP,0.000,0
SCHNEIDER ACTI 9 A9N1P63C 63A SP,256.230,9
SCHNEIDER ACTI 9 A9N2P02C 02A DP,454.250,6
SCHNEIDER ACTI 9 A9N2P04C 04A DP,454.250,12
SCHNEIDER ACTI 9 A9N2P06C 06A DP,322.575,19
SCHNEIDER ACTI 9 A9N2P10C 10A DP,325.695,21
SCHNEIDER ACTI 9 A9N2P16C 16A DP,0.000,0
SCHNEIDER ACTI 9 A9N2P20C 20A DP,308.117,23
SCHNEIDER ACTI 9 A9N2P25C 25A DP,317.263,7
SCHNEIDER ACTI 9 A9N2P32C 32A DP,325.361,16
SCHNEIDER ACTI 9 A9N2P40C 40A DP,457.680,4
SCHNEIDER ACTI 9 A9N2P63C 63A DP,519.750,4
SCHNEIDER ACTI 9 A9N3P02C 02A TP,0.000,0
SCHNEIDER ACTI 9 A9N3P06C 6A TP,529.214,29
SCHNEIDER ACTI 9 A9N3P10C 10A TP,544.250,19
SCHNEIDER ACTI 9 A9N3P16C 16A TP,547.025,11
SCHNEIDER ACTI 9 A9N3P20C 20A TP,531.910,1
SCHNEIDER ACTI 9 A9N3P25C 25A TP,535.638,10
SCHNEIDER ACTI 9 A9N3P32C 32A TP,544.069,14
SCHNEIDER ACTI 9 A9N3P40C 40A TP,835.632,15
SCHNEIDER ACTI 9 A9N3P50C 50A TP,808.750,1
SCHNEIDER ACTI 9 A9N3P63C 63A TP,840.151,11
SCHNEIDER ACTI 9 A9N4P02C 02A FP,0.000,0
SCHNEIDER ACTI 9 A9N4P06C 06A FP,728.750,4
SCHNEIDER ACTI 9 A9N4P10C 10A FP,715.250,5
SCHNEIDER ACTI 9 A9N4P16C 16A FP,727.981,7
SCHNEIDER ACTI 9 A9N4P20C 20A FP,702.000,6
SCHNEIDER ACTI 9 A9N4P25C 25A FP,728.744,9
SCHNEIDER ACTI 9 A9N4P32C 32A FP,732.479,17
SCHNEIDER ACTI 9 A9N4P40C 40A FP,954.374,5
SCHNEIDER ACTI 9 A9N4P50C 50A FP,1039.250,3
SCHNEIDER ACTI 9 A9N4P63C 63A FP,1088.993,10
SCHNEIDER ADD ON BLOCK LADN02,225.000,3
SCHNEIDER ADD ON BLOCK LADN11,181.800,4
SCHNEIDER ADD ON BLOCK LADN20,185.000,12
SCHNEIDER ADD ON BLOCK LADN22,300.600,1
SCHNEIDER ADD ON BLOCK LADN40,313.560,3
SCHNEIDER ADD ON BLOCK LAEN02,149.400,3
SCHNEIDER ADD ON BLOCK LAEN11,147.943,62
SCHNEIDER ADD ON BLOCK LAEN20,147.816,57
SCHNEIDER ADD ON BLOCK LAEN22,0.000,0
SCHNEIDER ADD ON BLOCK LAEN40,259.272,5
SCHNEIDER CAD50M7 AUXILIARY CONTACTOR,669.700,2
SCHNEIDER CONTACTOR LC1D09 09A,617.382,8
SCHNEIDER CONTACTOR LC1D115 115A,0.000,0
SCHNEIDER CONTACTOR LC1D12 12A,713.711,20
SCHNEIDER CONTACTOR LC1D18 18A,832.682,12
SCHNEIDER CONTACTOR LC1D25 25A,1026.495,11
SCHNEIDER CONTACTOR LC1D25BD 24DC,0.000,0
SCHNEIDER CONTACTOR LC1D32 32A,1991.449,9
SCHNEIDER CONTACTOR LC1D32BD 24DC,3589.000,1
SCHNEIDER CONTACTOR LC1D38 38A,0.000,0
SCHNEIDER CONTACTOR LC1D40A 40A,3019.735,2
SCHNEIDER CONTACTOR LC1D50A 50A,3915.826,7
SCHNEIDER CONTACTOR LC1D65A 65A,4903.200,1
SCHNEIDER CONTACTOR LC1D95A 95A,0.000,0
SCHNEIDER CONTACTOR LC1E09 09A,463.837,67
SCHNEIDER CONTACTOR LC1E12 12A,538.257,12
SCHNEIDER CONTACTOR LC1E120 120A,0.000,0
SCHNEIDER CONTACTOR LC1E160 160A,0.000,0
SCHNEIDER CONTACTOR LC1E18 18A,597.410,23
SCHNEIDER CONTACTOR LC1E25 25A,817.505,56
SCHNEIDER CONTACTOR LC1E250 250A,0.000,0
SCHNEIDER CONTACTOR LC1E32 32A,1710.810,15
SCHNEIDER CONTACTOR LC1E38 38A,0.000,0
SCHNEIDER CONTACTOR LC1E40  40A,0.000,0
SCHNEIDER CONTACTOR LC1E40B01 40A NC,0.000,0
SCHNEIDER CONTACTOR LC1E40B10 40A N0,0.000,0
SCHNEIDER CONTACTOR LC1E50  50A,3424.350,1
SCHNEIDER CONTACTOR LC1E65 65A,4565.370,3
SCHNEIDER CONTACTOR LC1E80 80A,6032.850,1
SCHNEIDER CONTACTOR LC1E95 95A,0.000,0
SCHNEIDER DM1110 1.0 (30002365),0.000,0
SCHNEIDER DM6100 CI1.0 (30002567),0.000,0
SCHNEIDER EZAROTE ROTARY HANDLE,0.000,0
SCHNEIDER EZASPDR3P SPREADER,230.000,2
SCHNEIDER EZASPDR4P SPREADER,485.000,2
SCHNEIDER EZC100F3080 MCCB 80A 3P 10KA,0.000,0
SCHNEIDER EZC100F3100 MCCB 100A 3P 10KA,1696.700,1
SCHNEIDER EZC100H3100 MCCB 100A 3P,0.000,0
SCHNEIDER EZC100H4100 MCCB 100A 4P 30KA,4248.800,1
SCHNEIDER EZC250F3125 MCCB 125A 3P 18KA,0.000,0
SCHNEIDER EZC250F3150 MCCB 150A 3P 18KA,4237.050,1
SCHNEIDER EZC250H4125 MCCB 125A 4P 36KA,6142.900,2
SCHNEIDER EZC250H4200 MCCB 200A 4P 36KA,0.000,0
SCHNEIDER EZC250N3125 MCCB 125A 3P 25KA,0.000,0
SCHNEIDER EZC250N3200 MCCB 200A 3P 25KA,0.000,0
SCHNEIDER EZC250N3250 MCCB 250A 3P 25KA,0.000,0
SCHNEIDER EZC250N4125 MCCB 125A 4P 25KA,6171.100,1
SCHNEIDER EZC250N4160 MCCB 160A 4P 25KA,0.000,0
SCHNEIDER EZC250N4200 MCCB 200A 4P 25KA,0.000,0
SCHNEIDER EZC250N4250 MCCB 250A 4P 25KA,0.000,0
SCHNEIDER EZC400H3400N MCCB 400A 3P 50KA,0.000,0
SCHNEIDER EZEAX CONTECT BLOCK,0.000,0
SCHNEIDER EZEROTE ROTARY HANDLE,1200.000,4
SCHNEIDER EZESPDR3P 3P EZC250 SPREADER,350.000,2
SCHNEIDER EZESPDR4P 4P EZC250 SPREADER,0.000,0
SCHNEIDER GVAE11 MPCB ADD ON+NC  BLOCK,0.000,0
SCHNEIDER GXU TOUCH PANEL HMIGXU3500,15100.000,3
SCHNEIDER LAD7B106 D TYPE MOUNTING KIT,0.000,0
SCHNEIDER LAEB1 MOUNTING KIT,0.000,0
SCHNEIDER LC1D09BD 24VDC CONTACTOR,1017.632,4
SCHNEIDER LC1D18BD 24VDC CONTACTOR,1468.900,1
SCHNEIDER LC1D80  CONTACTOR,0.000,0
SCHNEIDER LRD05 RELAY 063.1A,847.875,4
SCHNEIDER LRD06 RELAY 1-1.6A,866.332,5
SCHNEIDER LRD07 RELAY 1.6-2.5A,0.000,0
SCHNEIDER LRD08 RELAY 2.5-4A,862.293,3
SCHNEIDER LRD10 RELAY 4-6A,899.637,6
SCHNEIDER LRD12 RELAY 5.5-8A,877.471,9
SCHNEIDER LRD14 RELAY 7-10A,0.000,0
SCHNEIDER LRD16 RELAY 9-13A,976.800,4
SCHNEIDER LRD21 RELAY 12-18A,1006.400,3
SCHNEIDER LRD22 RELAY 16-24A,991.007,3
SCHNEIDER LRD32 RELAY 23-32A,1682.020,2
SCHNEIDER LRD332 RELAY 23-32A,0.000,0
SCHNEIDER LRD3365 RELAY 80-104A,4447.950,1
SCHNEIDER LRD35 RELAY 30-38A,0.000,0
SCHNEIDER LRE03 RELAY 0.25-0.40A,0.000,0
SCHNEIDER LRE04 RELAY 0.04-0.63A,0.000,0
SCHNEIDER LRE05 RELAY 0.63-1A,749.250,5
SCHNEIDER LRE06 RELAY 1-1.6A,749.250,1
SCHNEIDER LRE07 RELAY 1.6-2.5A,749.250,9
SCHNEIDER LRE08 RELAY 2.5-4 A,747.684,12
SCHNEIDER LRE10 RELAY 4-6A,749.250,4
SCHNEIDER LRE12 RELAY 5.5-8A,778.432,17
SCHNEIDER LRE14 RELAY 7-10A,749.250,13
SCHNEIDER LRE16 RELAY 9-13A,749.244,11
SCHNEIDER LRE21 RELAY 12-18A,853.837,10
SCHNEIDER LRE22 RELAY 16-24A,997.613,7
SCHNEIDER LRE32 RELAY 23-32A,1282.050,5
SCHNEIDER LRE355 RELAY 30-40A,0.000,0
SCHNEIDER LRE357 RELAY 37-50A,0.000,0
SCHNEIDER LV429338 ROTARY HANDLE,1005.140,1
SCHNEIDER LV432598 ROTARY HANDLE,0.000,0
SCHNEIDER LV510305 MCCB 63A 3P 25KA,0.000,0
SCHNEIDER LV510306 MCCB 80A 3P 25KA,0.000,0
SCHNEIDER LV510307 MCCB 100A 3P 25KA,3392.000,1
SCHNEIDER LV510317 MCCB 100A 4P 25KA,0.000,0
SCHNEIDER LV510337 MCCB 100A 3P 36KA,0.000,0
SCHNEIDER LV510347 MCCB 100A 4P 36KA,0.000,0
SCHNEIDER LV510938 MCCB 100A 3P 25KA,0.000,0
SCHNEIDER LV516302 MCCB 125A 3P 25KA,0.000,0
SCHNEIDER LV516303 MCCB 160A 3P 25KA,0.000,0
SCHNEIDER LV516313 MCCB 160A FP 25KA,0.000,0
SCHNEIDER LV516333 MCCB 160A FP 36KA,0.000,0
SCHNEIDER LV516342 MCCB 125A FP 36KA,0.000,0
SCHNEIDER LV525302 MCCB 200A 3P 25KA,0.000,0
SCHNEIDER LV525303 MCCB 250A 3P 25KA,0.000,0
SCHNEIDER LV525332 MCCB 200A 3P 36KA,0.000,0
SCHNEIDER LV525333 MCCB 250A 3P 36KA,0.000,0
SCHNEIDER LV563309 MCCB 630A 4P 36KA,0.000,0
SCHNEIDER MCB 100 AMP 1 POLE A9N18358,0.000,0
SCHNEIDER MCB 100 AMP 3 POLE A9N18367,0.000,0
SCHNEIDER MCB 100 AMP 4 POLE A9N18374,0.000,0
SCHNEIDER MCB 125 AMP 4 POLE A9N18376,0.000,0
SCHNEIDER MCCB 200A TP EZC250F3200,6119.400,2
SCHNEIDER MCCB 320A 3P 36KA LV540305,0.000,0
SCHNEIDER MCCB 320A 4P 36KA LV540308,0.000,0
SCHNEIDER MCCB 400A 3P 36KA LV540306,0.000,0
SCHNEIDER MCCB 400A 4P 36KA LV540309,0.000,0
SCHNEIDER MCCB LV525312,0.000,0
SCHNEIDER MCCB LV525313 25KA 250A 4P,0.000,0
SCHNEIDER MEHVCHDY030A44,0.000,0
SCHNEIDER MEHVCHDY050A44,0.000,0
SCHNEIDER MEHVCHDY150A44,0.000,0
SCHNEIDER MEHVCHDY200A44,0.000,0
SCHNEIDER MODULE TM3DQ8TG,0.000,0
SCHNEIDER MPCB GV2ME05 0.63-1.0,0.000,0
SCHNEIDER MPCB GV2ME06 1.0-1.6,0.000,0
SCHNEIDER MPCB GV2ME07 1.6-2.5A,2085.550,1
SCHNEIDER MPCB GV2ME08 2.5-4.0,2176.910,1
SCHNEIDER MPCB GV2ME10 4-6.3A,2082.230,1
SCHNEIDER MPCB GV2ME14 6-10,1891.800,1
SCHNEIDER MPCB GV2ME16 9-14,2122.200,1
SCHNEIDER MPCB GV2ME21 17-23,0.000,0
SCHNEIDER PLUG  PKE32M435 32AMP,0.000,0
SCHNEIDER RELAY RXM2LB2B7 24VAC 2CO,186.000,8
SCHNEIDER RELAY RXM2LB2BD 24VDC 2CO,173.792,51
SCHNEIDER RELAY RXM2LB2F7 120VAC 2CO,185.745,90
SCHNEIDER RELAY RXM2LB2P7 220VAC 2CO,173.000,28
SCHNEIDER RELAY RXM4LB2BD 24V DC 4CO,214.400,11
SCHNEIDER RELAY RXM4LB2F7 110V 4CO,0.000,0
SCHNEIDER RELAY RXM4LB2P7 230V 4CO,201.838,53
SCHNEIDER RELEY SOCKET 14 PIN RXZE1M4C,104.052,54
SCHNEIDER RELEY SOCKET 8 PIN RXZE1M2C,85.243,99
SCHNEIDER SHUNT  RELEASE LV429387,1544.113,6
SCHNEIDER SMPS ABL2REM24020K 2.2AMP,737.500,4
SCHNEIDER SMPS ABL2REM24065K 6.5AMP,1450.000,3
SCHNEIDER SOCKET 2P+N+E PKF16F425,0.000,0
SCHNEIDER SOCKET 3P+N+E PKF32F435,0.000,0
SCHNEIDER SOCKET PKF16F423,0.000,0
SCHNEIDER SPREADER LV431563,357.700,1
SCHNEIDER STARTER 15HP MS13AC18N5,0.000,0
SCHNEIDER TM200C40U TR.SINK M200 24VDC,12650.000,3
SCHNEIDER TMCR2TI2,6000.000,3
SCHNEIDER ZBE101N NO ELEMENT,51.563,25
SCHNEIDER ZBE102N NC ELEMENT,51.634,26
SELEC 600 VPR VOLTAGE PROTACTION RELAY,900.000,1
SELEC 800 PSR SINGLE PHASING PREVENTOR,366.920,22
SELEC 800 SD 2 230V STAR DELTA TIMER,474.841,9
SELEC 800 SD 415V TIMER,0.000,0
SELEC 800 SQ TIMER 230VAC,368.750,10
SELEC 800 XC,780.000,1
SELEC 800 XU TIMER 230VAC,0.000,0
SELEC 800-S-1 TIMER 60S 230V,371.153,3
SELEC 800XA TIMER,0.000,0
SELEC 900 VPR2 VOLTAGE PROTACTION RELAY,0.000,0
SELEC CT SPCT 62/30 75/5 A,0.000,0
SELEC CT SPCT 62/40 100/5 A,155.000,6
SELEC CT SPCT 62/40 150/5 A,208.572,4
SELEC CT SPCT 62/40 250/5 A,245.000,3
SELEC MFM-391,0.000,0
SELEC TC 203 AX TEMPERATURE CONTROLLER,1056.666,8
SELEC TC 303AX TEMPERATURE CONTROLLER,1100.000,5
SELEC TEMPERATURE CANTROLLER TC-244 AX,0.000,0
SELEC XC 410 COUNTER,1020.000,1
SENSOR J TYPE 2 MTR  PIN TYPE,0.000,0
SHELL ADVANCE 20W40 900ML,296.610,5
SHIHLIN ORPC3P032C MCB 32A TP,418.950,4
SHOCK GAURD 32A SPN ELCB,832.500,3
SHOCK GAURD 63A TPN ELCB,1801.900,2
SHOCK GUARD 40A TPN ELCB,1665.000,1
SHREE AUTO PRESSURE SWITCH PR-15,454.500,2
SHREE SOCKET BOARD 1 WAY 20/2,64.231,13
SHREE SOCKET BOARD 1 WAY 20/3,50.500,15
SHREE SOCKET BOARD 1 WAY 30/3,61.893,14
SIEMENS 2PS 3SB5000-2AB01,0.000,0
SIEMENS 3RH1921 CONTACT BLOCK,94.000,2
SIEMENS 3RT2028 38A CONTACTOR,0.000,0
SIEMENS 3RU2136-4FB0 OLR RELAY,0.000,0
SIEMENS 3TF30 01 9A CONTACTOR,558.000,3
SIEMENS 3TF30 10 9A CONTACTOR,0.000,0
SIEMENS 3TF32 00 16A CONTACTOR,0.000,0
SIEMENS 3TF33 00 22A CONTACTOR,910.000,1
SIEMENS 3TF34 00 32A CONTACTOR,2032.000,3
SIEMENS 3TF47 02 63A CONTACTOR,0.000,0
SIEMENS 3TW7291 7.5 HP DOL STARTER,1714.500,1
SIEMENS 3TX4001-2A 1NC A.C BLOCK,86.000,1
SIEMENS 3TX4010-2A 1NO A.C BLOCK,0.000,0
SIEMENS 3UA5000-1B OLR RELAY 1.25-2A,0.000,0
SIEMENS 3UA5000-1C OLR RELAY 1.6-2.5A,0.000,0
SIEMENS 3UA5000-1F OLR RELAY 3.2-5A,0.000,0
SIEMENS 3UA5000-1G OLR RELAY 4-6.3A,0.000,0
SIEMENS 3UA5000-1J OLR RELAY 6.3-10A,0.000,0
SIEMENS 3UA5000-1K OLR RELAY 8-12.5A,0.000,0
SIEMENS 3UA5000-2D OLR RELAY 20-32A,0.000,0
SIEMENS 3UA5200-1J OLR RELAY 6.3-10A,0.000,0
SIEMENS 3UA5200-1K OLR RELAY 8-12.5A,0.000,0
SIEMENS 3UA5200-2A OLR RELAY 10-16A,0.000,0
SIEMENS 3UA5200-2B OLR RELAY 12.5-20A,0.000,0
SIEMENS 3UA5500-2C OLR RELAY 16-25A,0.000,0
SIEMENS 3UA5500-2D OLR RELAY 20-32A,0.000,0
SIEMENS 3UX1418 MOUNTING KIT,0.000,0
SIEMENS 3UX1425 MOUNTING KIT,0.000,0
SIEMENS 5SJ61067RC 6A 1POLE 6K,0.000,0
SIEMENS 5SJ61107RC 10A 1POLE 6K,0.000,0
SIEMENS 5SJ63067RC 6A 3POLE 6K,0.000,0
SIEMENS 5SJ63167RC 16A 3POLE 6K,0.000,0
SIEMENS 5SJ63257RC 25A 3POLE 6K,0.000,0
SIEMENS 5SJ63327RC 32A 3POLE 6K,0.000,0
SIEMENS 5SJ64327RC 32A 4POLE 6K,0.000,0
SIEMENS 5SJ64637RC 63A 4POLE 6K,0.000,0
SIEMENS BETAGARD MCB 04A DP 5SL62047RC,0.000,0
SIEMENS BETAGARD MCB 06A DP 5SL62067RC,380.000,5
SIEMENS BETAGARD MCB 06A TP 5SL63067RC,0.000,0
SIEMENS BETAGARD MCB 10A SP 5SL61107RC,0.000,0
SIEMENS BETAGARD MCB 10A TP 5SL63107RC,0.000,0
SIEMENS BETAGARD MCB 16A TP 5SL63167RC,570.800,2
SIEMENS BETAGARD MCB 20A TP 5SL63207RC,639.200,3
SIEMENS BETAGARD MCB 25A TP 5SL63257RC,0.000,0
SIEMENS BETAGARD MCB 32A TP 5SL63327RC,570.800,3
SIEMENS BETAGARD MCB 40A 4P 5SL64407RC,0.000,0
SIEMENS BETAGARD MCB 4A DP 5AL62047RC,507.600,2
SIEMENS BETAGARD MCB 50A TP 5SL63507RC,0.000,0
SIEMENS BETAGARD MCB 63A TP 5SL63637RC,0.000,0
SIEMENS BETAGARD MCB 6A SP 5SL61067RC,0.000,0
SIEMENS E.STOP 3SB5203-0UC01,0.000,0
SIEMENS LED IND.  AMBER 3SB5285-6HL03,0.000,0
SIEMENS LED IND.  BLUE 3SB5285-6HF03,0.000,0
SIEMENS LED IND.  GREEN 3SB5285-6HE03,0.000,0
SIEMENS LED IND.  RED 3SB5285-6HC03,0.000,0
SIEMENS MPCB 6-10A 3VS1300-1ML00,0.000,0
SIEMENS NC ELEMENT 3SB5400-0C,0.000,0
SIEMENS NO ELEMENT 3SB5400-0B,0.000,0
SIEMENS OLR 5.5-8A 3RU2126-1HB0,1012.000,2
SIEMENS PUSH BUTTON GREEN 3SB5000-0AE01,0.000,0
SIEMENS PUSH BUTTON RED 3SB5000-0AC01,0.000,0
SLEEVE  10 SQMM,0.800,300
SNAPON TYPE LUGS 2.5,1.000,1360
SNAPON TYPE LUGS SLEEVE 2.5,0.899,967
SSR 40A DC-DC SP11PMDD40,360.000,2
SSR SP11ZAA25 25A,0.000,0
SSR SP11ZDA25 25A,170.328,6
SSR SP11ZDA50 50A,0.000,0
SSR SP11ZDA90 90A,0.000,0
ST-21 COB PENDANT SWITCH,316.000,1
ST-41 COB PENDANT SWITCH,456.000,1
ST-61 COB PENDANT SWITCH,612.000,1
ST-81 COB PENDANT SWITCH,717.000,1
STARTER PUSH BUTTON,25.000,10
STARTER RELAY (1.5-2.5),200.000,2
STARTER RELAY (13-21),208.000,3
STARTER RELAY (2.5-4),206.000,4
STARTER RELAY (4-6.5),205.714,7
STARTER RELAY (6-10),205.714,7
STARTER RELAY (9-14),208.000,5
STRACO 7*7 BUTTON HOLDER,22.880,24
STRONGER 12MM NPN NO PROXI SENSOR,160.000,1
STRONGER 8MM NPN NO PROXI SENSOR,0.000,0
STRONGER CABLE GLAND PG-11,3.362,193
STRONGER CABLE GLAND PG-11 BLACK,3.300,300
STRONGER CABLE GLAND PG-13.5,4.551,112
STRONGER CABLE GLAND PG-13.5 BLACK,3.045,180
STRONGER CABLE GLAND PG-16,4.674,154
STRONGER CABLE GLAND PG-16 BLACK,3.850,588
STRONGER CABLE GLAND PG-19,4.992,368
STRONGER CABLE GLAND PG-19 BLACK,4.266,116
STRONGER CABLE GLAND PG-21,6.780,189
STRONGER CABLE GLAND PG-21 BLACK,6.140,166
STRONGER CABLE GLAND PG-25,8.150,46
STRONGER CABLE GLAND PG-29,11.000,40
STRONGER CABLE GLAND PG-29 BLACK,0.000,0
STRONGER CABLE GLAND PG-36,20.523,37
STRONGER CABLE GLAND PG-42,27.125,20
STRONGER CABLE GLAND PG-48,30.550,20
STRONGER CABLE GLAND PG-63,55.000,10
STRONGER CABLE GLAND PG-7,1.647,95
STRONGER CABLE GLAND PG-7 BLACK,1.750,100
STRONGER CABLE GLAND PG-9,0.000,0
STRONGER CABLE GLAND PG-9 BLACK,2.333,282
STRONGER END SLEEVE LUG 0.5,0.000,0
STRONGER END SLEEVE LUG 0.5 TWIN,0.000,0
STRONGER END SLEEVE LUG 1 SINGLE,0.000,0
STRONGER END SLEEVE LUG 1.5 SINGLE,0.000,0
STRONGER END SLEEVE LUG 2.5 SINGLE,0.000,0
STRONGER IND PLUG 32A 3 PIN,0.000,0
STRONGER LED 16.0MM AC 220V RED+YELLOW,0.000,0
STRONGER LIMIT SWITCH 8108 ST8108H,335.225,11
STRONGER LIMIT SWITCH STSA 012,415.000,1
STRONGER SMPS 10A WITH FAN 24VDC 240-24,0.000,0
STRONGER SMPS 12AMP 12VDC 145/12,0.000,0
STRONGER SMPS 14.6AMP 24VDC 350-24,1376.000,2
STRONGER SMPS 2.1A 12VDC 25-12,0.000,0
STRONGER SMPS 2.1AMP 24VDC 50-24,510.009,7
STRONGER SMPS 4.2AMP 12VDC 50-12,0.000,0
STRONGER SMPS 5AMP 24VDC 120-24,707.000,3
STRONGER VOLT+AMP INDICATOR,0.000,0
STRONGER WIRELESS CRANE REMOTE,0.000,0
SUB  METER SINGEL PHASE 5-30 AMP,0.000,0
SUB  METER THREE  PHASE 10-60 AMP,0.000,0
SUNBIM ENERGY REGULATOR,0.000,0
SURDHI DOOR SWITCH WHITE SDV-DSW,0.000,0
SURDHI EMERGENCY STOP,0.000,0
SURDHI NC ELEMENT SDV 2,0.000,0
SURDHI NO ELEMENT SDV 1,0.000,0
SURDHI SDV-S2P 2PS SELECTOR SWITCH,0.000,0
SYSKA 12W LED BULB,114.851,28
SYSKA 15W LED BULB,132.226,25
SYSKA 15W RDL S 6500K PANEL LIGHT,0.000,0
SYSKA 18W LED BULB,157.296,31
SYSKA 20W LED BULB,190.122,12
SYSKA 20W LED T5,144.029,36
SYSKA 24W T5 PC 6.5K,175.510,35
SYSKA 4W LED T5 1FT,116.100,6
SYSKA 5W LED BULB,55.963,22
SYSKA 8W LED T5 2FT,132.875,6
SYSKA 9W LED BULB,52.965,31
SYSKA SDS 12W LED SURFACE PANEL LIGHT,0.000,0
TAPARIA 810 2 IN 1 SCREW DRIVER,35.100,27
TAPARIA 813 LINE TESTERS (YELLOW),38.350,37
TAPARIA 816 LINE TESTERS (YELLOW),42.900,30
TAPARIA COMBINATION PLIER+SLEEVE 1621-8,185.900,14
TAPARIA SCREW DRIVER 2X1 905I INSULATED,59.429,28
TAPPER 16.0MM AC 220V BLUE+GREEN,0.000,0
TAPPER LED 16.0MM AC 220V RED+YELLOW,0.000,0
TC 29 J TEMP CONTROLLER 72*72,690.000,1
TC CONTACTOR 12A 240V LC1D123M,646.000,1
TEKNIC 2PS SELECTOR SWITCH,0.000,0
TEKNIC 3PLBR8L 24VDC,112.380,8
TEKNIC 4-12 PNP  NO SENSOR EGL12X04AP024,500.250,10
TEKNIC LIMIT SWITCH NG1HS-510L024M,930.000,1
TEKNIC LIMIT SWITCH SN01D-553,0.000,0
TEKNIC M 12 MAGNETIC SENSOR,0.000,0
TEKNIC M 18 AC NC SENSOR EGT18X08RW220,0.000,0
TEKNIC M 18 AC NO SENSOR EGT18X08AW220,0.000,0
TEKNIC NC ELEMENT,48.782,74
TEKNIC NO ELEMENT,50.713,25
TEKNIC PROXI EGL18X08AP024,0.000,0
THERMOCOUPLE PT-100 BLACK HEAD 6*150,230.000,1
THERMOCOUPLE SENSOR J-TYPE 2MTR,105.000,1
THERMOCOUPLE SENSOR J-TYPE 2MTR RING TYP,115.000,12
THERMOCOUPLE SENSOR J-TYPE 3MTR,0.000,0
THERMOCOUPLE SENSOR J-TYPE 3MTR RING TYP,0.000,0
THERMOCOUPLE SENSOR J-TYPE 4MTR,125.000,3
THERMOCOUPLE SENSOR J-TYPE 5MTR,0.000,0
THERMOCOUPLE SENSOR K-TYPE 2MTR,130.000,1
THERMOCOUPLE SENSOR PT-100 6*150 2MTR,0.000,0
THERMOCOUPLE SENSOR RTD PT-100 1MTR,180.000,1
THERMOCOUPLE WIRE  J-TYPE,0.000,0
TIE STICKER 19MM,2.500,5
TIE STICKER 19MM PANDUIT,3.692,1131
TIE STICKER 25MM,3.500,370
TIE STICKER 25MM PANDUIT,5.938,205
TOGGLE SWITCH 10A ON OFF,37.180,46
TOGGLE SWITCH 6A ON OFF,34.579,35
TOWER LIGHT 1TIER WITH BUZZER,450.000,1
TOWER LIGHT 2TIER WITH BUZZER,616.875,4
TOWER LIGHT 3TIER WITH BUZZER,713.480,1
TOWER LIGHT 3TYER WITH BUZZER 220V,0.000,0
TOWER LIGHT 4TIER WITH BUZZER,740.000,1
TRANSFORMER 110VA,0.000,0
TRANSFORMER 600VA 230/110,0.000,0
TTPL RELAY CARD 1CO 2CH 24VDC,0.000,0
TTPL RELAY CARD 1CO 4CH 24VDC,406.275,15
TTPL RELAY CARD 1CO 8CH 24VDC,640.885,32
TWO PIN,7.350,29
V TAC 04850 FLOOD LIGHT 50W,1008.295,14
V TAC 15030 STREET LIGHT 30W,841.070,3
V TAC 15051 STREET LIGHT 50W,977.680,1
V TAC 42200 FLOOD LIGHT 20W,0.000,0
V TAC 48100 FLOOD LIGHT 100W,1547.620,15
V TAC 48200 FLOOD LIGHT 200W,0.000,0
VIRAL 10A 12WAY CLOSE BAKELITE TERMINAL,0.000,0
VIRAL 10A 12WAY PVC TERMINAL,0.000,0
VIRAL 15A 12WAY CLOSE BAKELITE TERMINAL,67.280,12
VIRAL 15A 12WAY OPEN BAKELITE TERMINAL,31.620,25
VIRAL 15A 4WAY CLOSE BAKELITE TERMINAL,0.000,0
VIRAL 16A FUSE LINK FLF-16 (10*38),16.100,5
VIRAL 30A 12WAY CLOSE BAKELITE TERMINAL,79.377,7
VIRAL 30A 12WAY OPEN BAKELITE TERMINAL,77.050,10
VIRAL 30A 2WAY CLOSE BAKELITE TERMINAL,14.380,35
VIRAL 30A 2WAY OPEN BAKELITE TERMINAL,13.800,40
VIRAL 30A 3 WAY CLOSE BAKELITE TERMINAL,20.700,17
VIRAL 30A 3WAY OPEN BAKELITE TERMINAL,20.120,20
VIRAL 30A 4WAY CLOSE BAKELITE TERMINAL,0.000,0
VIRAL 30A 5WAY CLOSE BAKELITE TERMINAL,35.080,18
VIRAL 30A 6WAY OPEN BAKELITE TERMINAL,39.680,15
VIRAL 6A 12WAY PVC TERMINAL,24.587,232
VIRAL NUTRAL LINK 16/32A,0.000,0
VOLT+AMP INDICATOR 22.5MM,182.540,31
WARING LIGHT LED,290.000,1
WINDING SLEEV 1NO,0.000,0
WINDING SLEEV 3NO,0.000,0
WIRE STRIPER,169.400,8
WIRED CONDUIT PIPE 16 MM GREY,18.056,180
WIRED CONDUIT PIPE 25 MM BLACK,27.000,57
WIRED CONDUIT PIPE 25 MM GREY,30.000,30
WIRED CONDUIT PIPE 30 MM BLACK,36.000,30
WIRED CONDUIT PIPE 50 MM BLACK,0.000,0
Z CLAMP SMALL,7.499,93
